MANDT,KURST,FCURR,TCURR,GDATU,FFACT,TFACT,ABWCT,ABWGA
800,001,AED,USD,79799480,1,1,,0000000
800,001,AED,USD,79799898,1,1,,0000000
800,001,AED,USD,79809898,1,1,,0000000
800,001,AED,USD,79819898,1,1,,0000000
800,001,EUR,GBP,79819898,1,1,,0000000
800,001,EUR,USD,80009688,1,1,,0000000
800,001,GBP,EUR,80009688,1,1,,0000000
800,001,GBP,EUR,80009898,1,1,,0000000
800,001,GBP,EUR,81999898,1,1,,0000000
800,001,INR,USD,79819898,1,1,,0000000
800,001,JPY,EUR,80009688,1,1,,0000000
800,001,PTE,EUR,80099898,1,1,,0000000
800,001,UNI,KRW,81999898,1,1,,0000000
800,001,USD,EUR,80009688,1,1,,0000000
800,0011,EUR,DEM,80009898,1,1,,0000000
800,0011,EUR,DEM,81999898,1,1,,0000000
800,0011,GBP,EUR,80009688,1,1,,0000000
800,0011,GBP,EUR,80009898,1,1,,0000000
800,0011,GBP,EUR,81999898,1,1,,0000000
800,0011,PTE,EUR,80099898,1,1,,0000000
800,001D,DEM,EUR,80999898,1,1,,0000000
800,001D,DEM,EUR,81999898,1,1,,0000000
800,001D,PTE,EUR,80099898,1,1,,0000000
800,0021,GBP,EUR,80009688,1,1,,0000000
800,0021,GBP,EUR,80009898,1,1,,0000000
800,0021,GBP,EUR,81999898,1,1,,0000000
800,0021,PTE,EUR,80099898,1,1,,0000000
800,0022,GBP,EUR,80009688,1,1,,0000000
800,0022,GBP,EUR,80009898,1,1,,0000000
800,0022,GBP,EUR,81999898,1,1,,0000000
800,0022,PTE,EUR,80099898,1,1,,0000000
800,00C,MYR,GBP,79799898,1,1,,0000000
800,00M,AUD,USD,79799398,1,1,,0000000
800,00M,MYR,GBP,79799898,1,1,,0000000
800,100*,PTE,EUR,80099898,1,1,,0000000
800,1001,AUD,USD,81999898,1,1,,0000000
800,1001,BRL,GBP,80999898,1,1,,0000000
800,1001,BRL,USD,80999898,1,1,,0000000
800,1001,CAD,USD,80028768,1,1,,0000000
800,1001,DEM,USD,81999898,1,1,,0000000
800,1001,ESP,USD,81999898,1,1,,0000000
800,1001,EUR,USD,81999898,1,1,,0000000
800,1001,FRF,USD,81999898,1,1,,0000000
800,1001,GBP,BRL,79949598,1,1,,0000000
800,1001,GBP,BRL,79949698,1,1,,0000000
800,1001,GBP,USD,81999898,1,1,,0000000
800,1001,KRW,TWD,79899898,1,1,,0000000
800,1001,PTE,EUR,80099898,1,1,,0000000
800,1001,TWD,USD,79899898,1,1,,0000000
800,1001,USD,BRL,80999898,1,1,,0000000
800,1002,AUD,USD,81999898,1,1,,0000000
800,1002,BRL,GBP,80999898,1,1,,0000000
800,1002,BRL,USD,80999898,1,1,,0000000
800,1002,CAD,USD,80028768,1,1,,0000000
800,1002,DEM,USD,81999898,1,1,,0000000
800,1002,ESP,USD,81999898,1,1,,0000000
800,1002,EUR,USD,81999898,1,1,,0000000
800,1002,FRF,USD,81999898,1,1,,0000000
800,1002,GBP,BRL,79949598,1,1,,0000000
800,1002,GBP,BRL,79949698,1,1,,0000000
800,1002,GBP,USD,81999898,1,1,,0000000
800,1002,PTE,EUR,80099898,1,1,,0000000
800,1002,USD,BRL,80999898,1,1,,0000000
800,1003,AUD,USD,81999898,1,1,,0000000
800,1003,DEM,USD,81999898,1,1,,0000000
800,1003,ESP,USD,81999898,1,1,,0000000
800,1003,EUR,USD,81999898,100,1,,0000000
800,1003,FRF,USD,81999898,1,1,,0000000
800,1003,GBP,USD,81999898,1,1,,0000000
800,1003,PTE,EUR,80099898,1,1,,0000000
800,1004,AUD,USD,81999898,1,1,,0000000
800,1004,DEM,USD,81999898,1,1,,0000000
800,1004,ESP,USD,81999898,1,1,,0000000
800,1004,EUR,USD,81999898,1,1,,0000000
800,1004,FRF,USD,81999898,1,1,,0000000
800,1004,GBP,USD,81999898,1,1,,0000000
800,1004,PTE,EUR,80099898,1,1,,0000000
800,1005,EUR,USD,79979898,1,1,,0000000
800,1005,PTE,EUR,80099898,1,1,,0000000
800,1005,UNI,USD,79999898,1,1,,0000000
800,1006,EUR,USD,79979898,1,1,,0000000
800,1006,PTE,EUR,80099898,1,1,,0000000
800,1006,UNI,USD,79999898,1,1,,0000000
800,1011,AUD,USD,81999898,1,1,,0000000
800,1011,CAD,USD,80039898,1,1,,0000000
800,1011,DEM,USD,81999898,1,1,,0000000
800,1011,ESP,USD,81999898,1,1,,0000000
800,1011,EUR,USD,81999898,1,1,,0000000
800,1011,FRF,USD,81999898,1,1,,0000000
800,1011,GBP,USD,81999898,1,1,,0000000
800,1011,PTE,EUR,80099898,1,1,,0000000
800,1012,AUD,USD,81999898,1,1,,0000000
800,1012,DEM,EUR,79989898,1,1,,0000000
800,1012,DEM,USD,81999898,1,1,,0000000
800,1012,ESP,USD,81999898,1,1,,0000000
800,1012,EUR,DEM,79989898,1,1,,0000000
800,1012,EUR,USD,81999898,1,1,,0000000
800,1012,FRF,USD,81999898,1,1,,0000000
800,1012,GBP,USD,81999898,1,1,,0000000
800,1012,PTE,EUR,80099898,1,1,,0000000
800,1013,AUD,USD,81999898,1,1,,0000000
800,1013,DEM,USD,81999898,1,1,,0000000
800,1013,ESP,USD,81999898,1,1,,0000000
800,1013,EUR,USD,81999898,100,1,,0000000
800,1013,FRF,USD,81999898,1,1,,0000000
800,1013,GBP,USD,81999898,1,1,,0000000
800,1013,PTE,EUR,80099898,1,1,,0000000
800,1014,AUD,USD,81999898,1,1,,0000000
800,1014,DEM,USD,81999898,1,1,,0000000
800,1014,ESP,USD,81999898,1,1,,0000000
800,1014,EUR,USD,81999898,1,1,,0000000
800,1014,FRF,USD,81999898,1,1,,0000000
800,1014,GBP,USD,81999898,1,1,,0000000
800,1014,PTE,EUR,80099898,1,1,,0000000
800,200*,PTE,EUR,80099898,1,1,,0000000
800,2001,AUD,USD,81999898,1,1,,0000000
800,2001,CAD,USD,81999898,1,1,,0000000
800,2001,DEM,USD,81999898,1,1,,0000000
800,2001,ESP,USD,81999898,1,1,,0000000
800,2001,EUR,USD,81999898,1,1,,0000000
800,2001,FRF,USD,81999898,1,1,,0000000
800,2001,GBP,USD,81999898,1,1,,0000000
800,2001,ITL,USD,81999898,1,1,,0000000
800,2001,PTE,EUR,80099898,1,1,,0000000
800,2001,PTE,USD,81999898,1,1,,0000000
800,2002,AUD,USD,81999898,1,1,,0000000
800,2002,CAD,USD,81999898,1,1,,0000000
800,2002,DEM,USD,81999898,1,1,,0000000
800,2002,ESP,USD,81999898,1,1,,0000000
800,2002,EUR,USD,81999898,1,1,,0000000
800,2002,FRF,USD,81999898,1,1,,0000000
800,2002,GBP,USD,81999898,1,1,,0000000
800,2002,ITL,USD,81999898,1,1,,0000000
800,2002,PTE,EUR,80099898,1,1,,0000000
800,2002,PTE,USD,81999898,1,1,,0000000
800,2003,AUD,USD,81999898,1,1,,0000000
800,2003,CAD,USD,81999898,1,1,,0000000
800,2003,DEM,USD,81999898,1,1,,0000000
800,2003,ESP,USD,81999898,1,1,,0000000
800,2003,EUR,USD,81999898,100,1,,0000000
800,2003,FRF,USD,81999898,1,1,,0000000
800,2003,GBP,USD,81999898,1,1,,0000000
800,2003,ITL,USD,81999898,1,1,,0000000
800,2003,PTE,EUR,80099898,1,1,,0000000
800,2003,PTE,USD,81999898,1,1,,0000000
800,2004,AUD,USD,81999898,1,1,,0000000
800,2004,CAD,USD,81999898,1,1,,0000000
800,2004,DEM,USD,81999898,1,1,,0000000
800,2004,ESP,USD,81999898,1,1,,0000000
800,2004,EUR,USD,81999898,1,1,,0000000
800,2004,FRF,USD,81999898,1,1,,0000000
800,2004,GBP,USD,81999898,1,1,,0000000
800,2004,ITL,USD,81999898,1,1,,0000000
800,2004,PTE,EUR,80099898,1,1,,0000000
800,2004,PTE,USD,81999898,1,1,,0000000
800,2011,AUD,USD,81999898,1,1,,0000000
800,2011,CAD,USD,81999898,1,1,,0000000
800,2011,DEM,USD,81999898,1,1,,0000000
800,2011,ESP,USD,81999898,1,1,,0000000
800,2011,EUR,USD,81999898,1,1,,0000000
800,2011,FRF,USD,81999898,1,1,,0000000
800,2011,GBP,USD,81999898,1,1,,0000000
800,2011,ITL,USD,81999898,1,1,,0000000
800,2011,PTE,EUR,80099898,1,1,,0000000
800,2011,PTE,USD,81999898,1,1,,0000000
800,2012,AUD,USD,81999898,1,1,,0000000
800,2012,CAD,USD,81999898,1,1,,0000000
800,2012,DEM,USD,81999898,1,1,,0000000
800,2012,ESP,USD,81999898,1,1,,0000000
800,2012,EUR,USD,81999898,1,1,,0000000
800,2012,FRF,USD,81999898,1,1,,0000000
800,2012,GBP,USD,81999898,1,1,,0000000
800,2012,ITL,USD,81999898,1,1,,0000000
800,2012,PTE,EUR,80099898,1,1,,0000000
800,2012,PTE,USD,81999898,1,1,,0000000
800,2013,AUD,USD,81999898,1,1,,0000000
800,2013,CAD,USD,81999898,1,1,,0000000
800,2013,DEM,USD,81999898,1,1,,0000000
800,2013,ESP,USD,81999898,1,1,,0000000
800,2013,EUR,USD,81999898,100,1,,0000000
800,2013,FRF,USD,81999898,1,1,,0000000
800,2013,GBP,USD,81999898,1,1,,0000000
800,2013,ITL,USD,81999898,1,1,,0000000
800,2013,PTE,EUR,80099898,1,1,,0000000
800,2013,PTE,USD,81999898,1,1,,0000000
800,2014,AUD,USD,81999898,1,1,,0000000
800,2014,CAD,USD,81999898,1,1,,0000000
800,2014,DEM,USD,81999898,1,1,,0000000
800,2014,ESP,USD,81999898,1,1,,0000000
800,2014,EUR,USD,81999898,1,1,,0000000
800,2014,FRF,USD,81999898,1,1,,0000000
800,2014,GBP,USD,81999898,1,1,,0000000
800,2014,ITL,USD,81999898,1,1,,0000000
800,2014,PTE,EUR,80099898,1,1,,0000000
800,2014,PTE,USD,81999898,1,1,,0000000
800,60C,EUR,USD,79799898,1,1,,0000000
800,60C,MYR,USD,79799898,1,1,,0000000
800,60C,USD,EUR,79799898,1,1,,0000000
800,60M,EUR,USD,79799898,1,1,,0000000
800,60M,MYR,USD,79799898,1,1,,0000000
800,60M,USD,EUR,79799898,1,1,,0000000
800,B,ATS,ATS,81999898,1,1,,0000000
800,B,ATS,DEM,81999898,1,1,,0000000
800,B,ATS,EUR,81999898,1,1,,0000000
800,B,AUD,EUR,79949898,1,1,,0000000
800,B,AUD,GBP,79949898,1,1,,0000000
800,B,AUD,NZD,79949898,1,1,,0000000
800,B,AUD,USD,81999898,1,1,,0000000
800,B,BEF,DEM,81999898,1,1,,0000000
800,B,BEF,EUR,81999898,1,1,,0000000
800,B,CAD,ATS,81999898,1,1,,0000000
800,B,CAD,AUD,81999898,1,1,,0000000
800,B,CAD,BEF,81999898,1,1,,0000000
800,B,CAD,CHF,81999898,1,1,,0000000
800,B,CAD,DEM,81999898,1,1,,0000000
800,B,CAD,ESP,81999898,1,1,,0000000
800,B,CAD,EUR,81999898,1,1,,0000000
800,B,CAD,FRF,81999898,1,1,,0000000
800,B,CAD,GBP,81999898,1,1,,0000000
800,B,CAD,ITL,81999898,1,1,,0000000
800,B,CAD,JPY,81999898,1,1,,0000000
800,B,CAD,USD,81999898,1,1,,0000000
800,B,CHF,DEM,81999898,1,1,,0000000
800,B,CHF,EUR,81999898,1,1,,0000000
800,B,CHF,FRF,81999898,1,1,,0000000
800,B,COP,EUR,79889898,1,1,,0000000
800,B,DEM,ATS,81999898,1,1,,0000000
800,B,DEM,CHF,81999898,1,1,,0000000
800,B,DEM,CZK,81999898,1,1,,0000000
800,B,DEM,DEM,81999898,1,1,,0000000
800,B,DEM,DKK,81999898,1,1,,0000000
800,B,DEM,EUR,81999898,1,1,EURB,0000000
800,B,DEM,FIM,81999898,1,1,,0000000
800,B,DEM,FRF,80009898,1,1,EURB,0000000
800,B,DEM,FRF,81999898,1,1,,0000000
800,B,DEM,GBP,81999898,1,1,,0000000
800,B,DEM,JPY,80009898,1,1,EURB,0000000
800,B,DEM,JPY,81999898,1,1,,0000000
800,B,DEM,NLG,81999898,1,1,,0000000
800,B,DEM,NOK,81999898,1,1,,0000000
800,B,DEM,RUB,81999898,1,1,,0000000
800,B,DEM,RUR,81999898,1,1,,0000000
800,B,DEM,SEK,81999898,1,1,,0000000
800,B,DEM,USD,80009898,1,1,EURB,0000000
800,B,DEM,USD,81999898,1,1,,0000000
800,B,DEM,ZAR,81999898,1,1,,0000000
800,B,DKK,DKK,81999898,1,1,,0000000
800,B,ECU,USD,81999898,1,1,,0000000
800,B,EUR,AED,79889898,1,1,,0000000
800,B,EUR,ATS,81999898,1,1,,0000000
800,B,EUR,AUD,79889898,1,1,,0000000
800,B,EUR,CAD,79889898,1,1,,0000000
800,B,EUR,CHF,81999898,1,1,,0000000
800,B,EUR,CZK,81999898,1,1,,0000000
800,B,EUR,DEM,81999898,1,1,,0000000
800,B,EUR,DKK,81999898,1,1,,0000000
800,B,EUR,EUR,81999898,1,1,,0000000
800,B,EUR,FIM,81999898,1,1,,0000000
800,B,EUR,FRF,81999898,1,1,,0000000
800,B,EUR,GBP,81999898,1,1,,0000000
800,B,EUR,HKD,79889898,1,1,,0000000
800,B,EUR,JPY,81999898,1,1,EURB,0000000
800,B,EUR,MXN,79889898,1,1,,0000000
800,B,EUR,NLG,81999898,1,1,,0000000
800,B,EUR,NOK,81999898,1,1,,0000000
800,B,EUR,NZD,79889898,1,1,,0000000
800,B,EUR,PLN,79889898,1,1,,0000000
800,B,EUR,RUB,81999898,1,1,,0000000
800,B,EUR,RUR,81999898,1,1,,0000000
800,B,EUR,SAR,79889898,1,1,,0000000
800,B,EUR,SEK,81999898,1,1,,0000000
800,B,EUR,TWD,79889898,1,1,,0000000
800,B,EUR,USD,81999898,1,1,EURB,0000000
800,B,EUR,ZAR,81999898,1,1,,0000000
800,B,FIM,DEM,81999898,1,1,,0000000
800,B,FIM,EUR,81999898,100,1,,0000000
800,B,FIM,FIM,81999898,1,1,,0000000
800,B,FIM,SEK,81999898,1,1,,0000000
800,B,FRF,CHF,81999898,1,1,,0000000
800,B,FRF,DEM,81999898,1,1,,0000000
800,B,FRF,EUR,81999898,1,1,EURB,0000000
800,B,FRF,FRF,81999898,1,1,,0000000
800,B,FRF,SEK,81999898,1,1,,0000000
800,B,FRF,USD,81999898,1,1,,0000000
800,B,GBP,DEM,81999898,1,1,,0000000
800,B,GBP,EUR,81999898,1,1,,0000000
800,B,GBP,GBP,81999898,1,1,,0000000
800,B,GBP,SEK,81999898,1,1,,0000000
800,B,GBP,USD,81999898,1,1,,0000000
800,B,GBP,ZAR,81999898,1,1,,0000000
800,B,INR,USD,79799598,1,1,,0000000
800,B,ITL,USD,81999898,1,1,,0000000
800,B,JPY,DEM,80009898,100,1,EURB,0000000
800,B,JPY,DEM,81999898,100,1,,0000000
800,B,JPY,EUR,81999898,100,1,EURB,0000000
800,B,JPY,USD,81999898,100,1,,0000000
800,B,MXP,USD,81999898,1,1,,0000000
800,B,NLG,DEM,81999898,1,1,,0000000
800,B,NLG,EUR,81999898,1,1,,0000000
800,B,NLG,NLG,81999898,1,1,,0000000
800,B,NOK,DEM,81999898,1,1,,0000000
800,B,NOK,EUR,81999898,1,1,,0000000
800,B,NOK,NOK,81999898,1,1,,0000000
800,B,NZD,EUR,79949898,1,1,,0000000
800,B,NZD,GBP,79949898,1,1,,0000000
800,B,NZD,USD,79949898,1,1,,0000000
800,B,PTE,EUR,80099898,1,1,,0000000
800,B,PTE,USD,81999898,1,1,,0000000
800,B,RUB,DEM,81999898,1,1,,0000000
800,B,RUB,EUR,81999898,1,1,,0000000
800,B,RUB,RUB,81999898,1,1,,0000000
800,B,RUB,USD,81999898,1,1,,0000000
800,B,RUR,DEM,81999898,1,1,,0000000
800,B,RUR,EUR,81999898,1,1,,0000000
800,B,RUR,RUR,81999898,1,1,,0000000
800,B,RUR,UAK,81999898,1,1,,0000000
800,B,RUR,USD,81999898,1,1,,0000000
800,B,SEK,DEM,81999898,1,1,,0000000
800,B,SEK,EUR,81999898,1,1,,0000000
800,B,SEK,FIM,81999898,1,1,,0000000
800,B,SEK,FRF,81999898,1,1,,0000000
800,B,SEK,GBP,81999898,1,1,,0000000
800,B,SEK,SEK,81999898,1,1,,0000000
800,B,SEK,USD,81999898,1,1,,0000000
800,B,SKK,CZK,81999898,1,1,,0000000
800,B,UAK,RUR,81999898,1,1,,0000000
800,B,USD,ATS,81999898,1,1,,0000000
800,B,USD,AUD,81999898,1,1,,0000000
800,B,USD,BEF,81999898,1,1,,0000000
800,B,USD,CAD,81999898,1,1,,0000000
800,B,USD,CHF,81999898,1,1,,0000000
800,B,USD,CZK,81999898,1,1,,0000000
800,B,USD,DEM,80009898,1,1,EURB,0000000
800,B,USD,DEM,81999898,1,1,,0000000
800,B,USD,ECU,81999898,1,1,,0000000
800,B,USD,ESP,81999898,1,1,,0000000
800,B,USD,EUR,81999898,1,1,EURB,0000000
800,B,USD,FIM,81999898,1,1,,0000000
800,B,USD,FRF,81999898,1,1,,0000000
800,B,USD,GBP,81999898,1,1,,0000000
800,B,USD,INR,79799598,1,1,,0000000
800,B,USD,INR,79809895,1,1,,0000000
800,B,USD,INR,79819668,1,1,,0000000
800,B,USD,ITL,81999898,1,1000,,0000000
800,B,USD,JPY,81999898,1,1,,0000000
800,B,USD,PTE,81999898,1,1,,0000000
800,B,USD,RUB,81999898,1,1,,0000000
800,B,USD,RUR,81999898,1,1,,0000000
800,B,USD,SEK,81999898,1,1,,0000000
800,B,USD,USD,81999898,1,1,,0000000
800,B,USD,ZAR,81999898,1,1,,0000000
800,B,ZAR,DEM,81999898,1,1,,0000000
800,B,ZAR,EUR,81999898,1,1,,0000000
800,B,ZAR,GBP,81999898,1,1,,0000000
800,B,ZAR,USD,81999898,1,1,,0000000
800,C,EUR,GBP,79798798,100,1,,0000000
800,C,EUR,GBP,79798898,100,1,,0000000
800,C,EUR,GBP,79798998,100,1,,0000000
800,C,EUR,GBP,79799098,100,1,,0000000
800,C,EUR,GBP,79799198,100,1,,0000000
800,C,EUR,GBP,79799298,100,1,,0000000
800,C,EUR,GBP,79799398,100,1,,0000000
800,C,EUR,GBP,79799497,100,1,,0000000
800,C,EUR,GBP,79799598,100,1,,0000000
800,C,EUR,GBP,79799698,100,1,,0000000
800,C,EUR,GBP,79799798,100,1,,0000000
800,C,EUR,GBP,79799898,100,1,,0000000
800,CPET,EUR,GBP,81999898,1,1,,0000000
800,CPET,EUR,USD,81999898,1,1,,0000000
800,CPET,GBP,EUR,81999898,1,1,,0000000
800,CPET,GBP,USD,81999898,1,1,,0000000
800,CPET,PTE,EUR,80099898,1,1,,0000000
800,CPET,USD,EUR,81999898,1,1,,0000000
800,CPET,USD,GBP,81999898,1,1,,0000000
800,EURB,DEM,EUR,81999898,1,1,,0000000
800,EURB,DEM,JPY,81999898,1,1,,0000000
800,EURB,DEM,USD,81999898,1,1,,0000000
800,EURB,EUR,DEM,81999898,1,1,,0000000
800,EURB,EUR,FRF,81999898,1,1,,0000000
800,EURB,EUR,JPY,81999898,1,1,,0000000
800,EURB,EUR,USD,81999898,1,1,,0000000
800,EURB,JPY,DEM,81999898,100,1,,0000000
800,EURB,JPY,EUR,81999898,100,1,,0000000
800,EURB,PTE,EUR,80099898,1,1,,0000000
800,EURB,USD,DEM,81999898,1,1,,0000000
800,EURB,USD,EUR,81999898,1,1,,0000000
800,EURG,DEM,EUR,81999898,1,1,,0000000
800,EURG,DEM,JPY,81999898,1,1,,0000000
800,EURG,DEM,USD,81999898,1,1,,0000000
800,EURG,EUR,DEM,81999898,1,1,,0000000
800,EURG,EUR,FRF,81999898,1,1,,0000000
800,EURG,EUR,JPY,81999898,1,1,,0000000
800,EURG,EUR,USD,81999898,1,1,,0000000
800,EURG,JPY,DEM,81999898,100,1,,0000000
800,EURG,JPY,EUR,81999898,100,1,,0000000
800,EURG,PTE,EUR,80099898,1,1,,0000000
800,EURG,USD,DEM,81999898,1,1,,0000000
800,EURG,USD,EUR,81999898,1,1,,0000000
800,EURO,ATS,BEF,81999898,1,1,,0000000
800,EURO,ATS,DEM,81999898,100,1,,0000000
800,EURO,ATS,ESP,81999898,1,1,,0000000
800,EURO,ATS,EUR,81999898,100,1,,0000000
800,EURO,ATS,FIM,81999898,100,1,,0000000
800,EURO,ATS,FRF,81999898,100,1,,0000000
800,EURO,ATS,IEP,81999898,100,1,,0000000
800,EURO,ATS,ITL,81999898,1,1,,0000000
800,EURO,ATS,LUF,81999898,1,1,,0000000
800,EURO,ATS,NLG,81999898,100,1,,0000000
800,EURO,ATS,PTE,81999898,1,1,,0000000
800,EURO,BEF,ATS,81999898,100,1,,0000000
800,EURO,BEF,DEM,81999898,100,1,,0000000
800,EURO,BEF,ESP,81999898,1,1,,0000000
800,EURO,BEF,EUR,81999898,1000,1,,0000000
800,EURO,BEF,FIM,81999898,100,1,,0000000
800,EURO,BEF,FRF,81999898,100,1,,0000000
800,EURO,BEF,IEP,81999898,1,1,,0000000
800,EURO,BEF,ITL,81999898,1,1,,0000000
800,EURO,BEF,LUF,81999898,1,1,,0000000
800,EURO,BEF,NLG,81999898,100,1,,0000000
800,EURO,BEF,PTE,81999898,1,1,,0000000
800,EURO,DEM,ATS,81999898,1,1,,0000000
800,EURO,DEM,BEF,81999898,1,1,,0000000
800,EURO,DEM,ESP,81999898,1,1,,0000000
800,EURO,DEM,EUR,81999898,1,1,,0000000
800,EURO,DEM,FIM,81999898,1,1,,0000000
800,EURO,DEM,FRF,81999898,1,1,,0000000
800,EURO,DEM,IEP,81999898,100,1,,0000000
800,EURO,DEM,ITL,81999898,1,1,,0000000
800,EURO,DEM,LUF,81999898,1,1,,0000000
800,EURO,DEM,NLG,81999898,1,1,,0000000
800,EURO,DEM,PKT,80009898,1,1,,0000000
800,EURO,DEM,PTE,81999898,1,1,,0000000
800,EURO,ECU,EUR,81999898,1,1,,0000000
800,EURO,ESP,ATS,81999898,100,1,,0000000
800,EURO,ESP,BEF,81999898,100,1,,0000000
800,EURO,ESP,DEM,81999898,100,1,,0000000
800,EURO,ESP,EUR,81999898,1000,1,,0000000
800,EURO,ESP,FIM,81999898,100,1,,0000000
800,EURO,ESP,FRF,81999898,1,1,,0000000
800,EURO,ESP,IEP,81999898,100,1,,0000000
800,EURO,ESP,ITL,81999898,1,1,,0000000
800,EURO,ESP,LUF,81999898,100,1,,0000000
800,EURO,ESP,NLG,81999898,100,1,,0000000
800,EURO,ESP,PTE,81999898,1,1,,0000000
800,EURO,EUR,ATS,81999898,1,1,,0000000
800,EURO,EUR,BEF,81999898,1,1,,0000000
800,EURO,EUR,DEM,81999898,1,1,,0000000
800,EURO,EUR,ECU,81999898,1,1,,0000000
800,EURO,EUR,ESP,81999898,1,1,,0000000
800,EURO,EUR,FIM,81999898,1,1,,0000000
800,EURO,EUR,FRF,81999898,1,1,,0000000
800,EURO,EUR,IEP,81999898,100,1,,0000000
800,EURO,EUR,ITL,81999898,1,1,,0000000
800,EURO,EUR,LUF,81999898,1,1,,0000000
800,EURO,EUR,NLG,81999898,1,1,,0000000
800,EURO,EUR,PKT,80009898,1,1,,0000000
800,EURO,EUR,PTE,81999898,1,1,,0000000
800,EURO,EUR,USD,79999274,1,1,EURO,0000000
800,EURO,FIM,ATS,81999898,1,1,,0000000
800,EURO,FIM,BEF,81999898,1,1,,0000000
800,EURO,FIM,DEM,81999898,1,1,,0000000
800,EURO,FIM,ESP,81999898,1,1,,0000000
800,EURO,FIM,EUR,81999898,100,1,,0000000
800,EURO,FIM,FRF,81999898,1,1,,0000000
800,EURO,FIM,IEP,81999898,1,1,,0000000
800,EURO,FIM,ITL,81999898,1,1,,0000000
800,EURO,FIM,LUF,81999898,1,1,,0000000
800,EURO,FIM,NLG,81999898,1,1,,0000000
800,EURO,FIM,PTE,81999898,1,1,,0000000
800,EURO,FRF,ATS,81999898,1,1,,0000000
800,EURO,FRF,BEF,81999898,1,1,,0000000
800,EURO,FRF,DEM,81999898,1,1,,0000000
800,EURO,FRF,ESP,81999898,1,1,,0000000
800,EURO,FRF,EUR,81999898,1,1,,0000000
800,EURO,FRF,FIM,81999898,1,1,,0000000
800,EURO,FRF,IEP,81999898,1,1,,0000000
800,EURO,FRF,ITL,81999898,1,1,,0000000
800,EURO,FRF,LUF,81999898,1,1,,0000000
800,EURO,FRF,NLG,81999898,1,1,,0000000
800,EURO,FRF,PTE,81999898,1,1,,0000000
800,EURO,IEP,ATS,81999898,1,1,,0000000
800,EURO,IEP,BEF,81999898,1,1,,0000000
800,EURO,IEP,DEM,81999898,1,1,,0000000
800,EURO,IEP,ESP,81999898,1,1,,0000000
800,EURO,IEP,EUR,81999898,100,1,,0000000
800,EURO,IEP,FIM,81999898,1,1,,0000000
800,EURO,IEP,FRF,81999898,1,1,,0000000
800,EURO,IEP,ITL,81999898,1,1,,0000000
800,EURO,IEP,LUF,81999898,1,1,,0000000
800,EURO,IEP,NLG,81999898,1,1,,0000000
800,EURO,IEP,PTE,81999898,1,1,,0000000
800,EURO,ITL,ATS,81999898,1000,1,,0000000
800,EURO,ITL,BEF,81999898,1000,1,,0000000
800,EURO,ITL,DEM,81999898,1000,1,,0000000
800,EURO,ITL,ESP,81999898,1000,1,,0000000
800,EURO,ITL,EUR,81999898,10000,1,,0000000
800,EURO,ITL,FIM,81999898,1000,1,,0000000
800,EURO,ITL,FRF,81999898,1000,1,,0000000
800,EURO,ITL,IEP,81999898,10000,1,,0000000
800,EURO,ITL,LUF,81999898,1000,1,,0000000
800,EURO,ITL,NLG,81999898,1000,1,,0000000
800,EURO,ITL,PTE,81999898,1,1,,0000000
800,EURO,LUF,ATS,81999898,100,1,,0000000
800,EURO,LUF,BEF,81999898,100,1,,0000000
800,EURO,LUF,DEM,81999898,100,1,,0000000
800,EURO,LUF,ESP,81999898,1,1,,0000000
800,EURO,LUF,EUR,81999898,1000,1,,0000000
800,EURO,LUF,FIM,81999898,100,1,,0000000
800,EURO,LUF,FRF,81999898,100,1,,0000000
800,EURO,LUF,IEP,81999898,100,1,,0000000
800,EURO,LUF,ITL,81999898,1,1,,0000000
800,EURO,LUF,NLG,81999898,100,1,,0000000
800,EURO,LUF,PTE,81999898,1,1,,0000000
800,EURO,NLG,ATS,81999898,1,1,,0000000
800,EURO,NLG,BEF,81999898,1,1,,0000000
800,EURO,NLG,DEM,81999898,1,1,,0000000
800,EURO,NLG,ESP,81999898,1,1,,0000000
800,EURO,NLG,EUR,81999898,100,1,,0000000
800,EURO,NLG,FIM,81999898,1,1,,0000000
800,EURO,NLG,FRF,81999898,1,1,,0000000
800,EURO,NLG,IEP,81999898,1,1,,0000000
800,EURO,NLG,ITL,81999898,1,1,,0000000
800,EURO,NLG,LUF,81999898,1,1,,0000000
800,EURO,NLG,PTE,81999898,1,1,,0000000
800,EURO,PKT,DEM,80009898,1,1,,0000000
800,EURO,PKT,EUR,80009898,1,1,,0000000
800,EURO,PTE,ATS,81999898,100,1,,0000000
800,EURO,PTE,BEF,81999898,100,1,,0000000
800,EURO,PTE,DEM,81999898,100,1,,0000000
800,EURO,PTE,ESP,81999898,1,1,,0000000
800,EURO,PTE,EUR,81999898,1,1,,0000000
800,EURO,PTE,FIM,81999898,100,1,,0000000
800,EURO,PTE,FRF,81999898,100,1,,0000000
800,EURO,PTE,IEP,81999898,100,1,,0000000
800,EURO,PTE,ITL,81999898,1,10,,0000000
800,EURO,PTE,LUF,81999898,100,1,,0000000
800,EURO,PTE,NLG,81999898,100,1,,0000000
800,EURX,AED,EUR,80009898,1,1,,0000000
800,EURX,AED,EUR,81999898,1,1,,0000000
800,EURX,ARS,DEM,81999898,100,1,,0000000
800,EURX,ARS,EUR,81999898,1,1,,0000000
800,EURX,AUD,EUR,81999898,1,1,,0000000
800,EURX,BRL,DEM,81999898,100,1,,0000000
800,EURX,BRL,EUR,81999898,1,1,,0000000
800,EURX,CHF,ATS,81999898,1,1,,0000000
800,EURX,CHF,BEF,81999898,1,1,,0000000
800,EURX,CHF,DEM,81999898,1,1,,0000000
800,EURX,CHF,ESP,81999898,1,1,,0000000
800,EURX,CHF,EUR,81999898,1,1,,0000000
800,EURX,CHF,FIM,81999898,1,1,,0000000
800,EURX,CHF,FRF,81999898,1,1,,0000000
800,EURX,CHF,ITL,81999898,1,1,,0000000
800,EURX,CHF,NLG,81999898,1,1,,0000000
800,EURX,CHF,PTE,81999898,1,1,,0000000
800,EURX,CLP,DEM,81999898,100,1,,0000000
800,EURX,CLP,EUR,81999898,1,1,,0000000
800,EURX,CNY,EUR,79879898,1,1,,0000000
800,EURX,COP,DEM,81999898,100,1,,0000000
800,EURX,COP,EUR,79889898,1,1,,0000000
800,EURX,COP,EUR,81999898,1,1,,0000000
800,EURX,CZK,DEM,81999898,100,1,,0000000
800,EURX,CZK,EUR,81999898,1,1,,0000000
800,EURX,DEM,ARS,81999898,1,1,,0000000
800,EURX,DEM,AUD,81999898,1,1,,0000000
800,EURX,DEM,BRL,81999898,1,1,,0000000
800,EURX,DEM,CAD,81999898,1,1,,0000000
800,EURX,DEM,CHF,81999898,1,1,,0000000
800,EURX,DEM,CLP,81999898,1,1,,0000000
800,EURX,DEM,COP,81999898,1,1,,0000000
800,EURX,DEM,CZK,81999898,1,1,,0000000
800,EURX,DEM,DKK,81999898,1,1,,0000000
800,EURX,DEM,EUR,81999898,1,1,,0000000
800,EURX,DEM,GBP,81999898,1,1,,0000000
800,EURX,DEM,HRK,81999898,1,1,,0000000
800,EURX,DEM,HUF,81999898,1,1,,0000000
800,EURX,DEM,JPY,81999898,1,1,,0000000
800,EURX,DEM,MXN,81999898,1,1,,0000000
800,EURX,DEM,NOK,81999898,1,1,,0000000
800,EURX,DEM,PEN,81999898,1,1,,0000000
800,EURX,DEM,PLN,81999898,1,1,,0000000
800,EURX,DEM,ROL,81999898,1,1000,,0000000
800,EURX,DEM,RUB,81999898,1,1,,0000000
800,EURX,DEM,RUR,81999898,1,10000,,0000000
800,EURX,DEM,SEK,81999898,1,1,,0000000
800,EURX,DEM,SGD,81999898,1,1,,0000000
800,EURX,DEM,SIT,81999898,1,1,,0000000
800,EURX,DEM,SKK,81999898,1,1,,0000000
800,EURX,DEM,USD,81999898,1,1,,0000000
800,EURX,DEM,VEB,81999898,1,1,,0000000
800,EURX,DEM,ZAR,81999898,1,1,,0000000
800,EURX,ESP,CHF,81999898,100,1,,0000000
800,EURX,ESP,DKK,81999898,100,1,,0000000
800,EURX,ESP,GBP,81999898,100,1,,0000000
800,EURX,ESP,SEK,81999898,100,1,,0000000
800,EURX,ESP,USD,81999898,100,1,,0000000
800,EURX,EUR,AED,81999898,1,1,,0000000
800,EURX,EUR,ARS,81999898,1,1,,0000000
800,EURX,EUR,ATS,81999898,1,1,,0000000
800,EURX,EUR,AUD,81999898,1,1,,0000000
800,EURX,EUR,BEF,81999898,1,1,,0000000
800,EURX,EUR,BRL,81999898,1,1,,0000000
800,EURX,EUR,CAD,81999898,1,1,,0000000
800,EURX,EUR,CHF,81999898,1,1,,0000000
800,EURX,EUR,CLP,81999898,1,1,,0000000
800,EURX,EUR,CNY,79879898,1,1,,0000000
800,EURX,EUR,COP,81999898,1,1,,0000000
800,EURX,EUR,CZK,81999898,1,1,,0000000
800,EURX,EUR,DEM,81999898,1,1,,0000000
800,EURX,EUR,DKK,81999898,1,1,,0000000
800,EURX,EUR,ECU,81999898,1,1,,0000000
800,EURX,EUR,ESP,81999898,1,1,,0000000
800,EURX,EUR,FIM,81999898,1,1,,0000000
800,EURX,EUR,FRF,81999898,1,1,,0000000
800,EURX,EUR,GBP,79879898,1,1,,0000000
800,EURX,EUR,GBP,81999898,100,1,,0000000
800,EURX,EUR,HKD,79889898,1,1,,0000000
800,EURX,EUR,HRK,81999898,1,1,,0000000
800,EURX,EUR,HUF,81999898,1,1,,0000000
800,EURX,EUR,IEP,81999898,100,1,,0000000
800,EURX,EUR,ITL,81999898,1,1,,0000000
800,EURX,EUR,JPY,81999898,1,1,,0000000
800,EURX,EUR,KWD,81999898,100,1,,0000000
800,EURX,EUR,LTL,81999898,100,1,,0000000
800,EURX,EUR,LUF,81999898,1,1,,0000000
800,EURX,EUR,MXN,79889898,1,1,,0000000
800,EURX,EUR,MXN,81999898,1,100,,0000000
800,EURX,EUR,NLG,81999898,1,1,,0000000
800,EURX,EUR,NOK,81999898,1,1,,0000000
800,EURX,EUR,NZD,79949898,1,1,,0000000
800,EURX,EUR,PEN,81999898,1,1,,0000000
800,EURX,EUR,PLN,81999898,1,1,,0000000
800,EURX,EUR,PTE,81999898,1,1,,0000000
800,EURX,EUR,ROL,81999898,1,1000,,0000000
800,EURX,EUR,RUB,81999898,1,1,,0000000
800,EURX,EUR,RUR,81999898,1,10000,,0000000
800,EURX,EUR,SAR,79879898,1,1,,0000000
800,EURX,EUR,SEK,81999898,1,1,,0000000
800,EURX,EUR,SGD,81999898,1,1,,0000000
800,EURX,EUR,SIT,81999898,1,1,,0000000
800,EURX,EUR,SKK,81999898,1,1,,0000000
800,EURX,EUR,THB,79879898,1,1,,0000000
800,EURX,EUR,TWD,79879898,1,1,,0000000
800,EURX,EUR,UAK,81999898,100,1,,0000000
800,EURX,EUR,USD,81999898,1,1,,0000000
800,EURX,EUR,USD5,81999898,1,1,,0000000
800,EURX,EUR,VEB,81999898,1,1,,0000000
800,EURX,EUR,ZAR,81999898,1,1,,0000000
800,EURX,FRF,CHF,81999898,1,1,,0000000
800,EURX,FRF,DKK,81999898,1,1,,0000000
800,EURX,FRF,GBP,81999898,1,1,,0000000
800,EURX,FRF,SEK,81999898,1,1,,0000000
800,EURX,FRF,USD,81999898,100,1,,0000000
800,EURX,GBP,ATS,81999898,1,1,,0000000
800,EURX,GBP,BEF,81999898,1,1,,0000000
800,EURX,GBP,DEM,81999898,1,1,,0000000
800,EURX,GBP,ECU,81999898,1,1,,0000000
800,EURX,GBP,ESP,81999898,1,1,,0000000
800,EURX,GBP,EUR,79879898,1,1,,0000000
800,EURX,GBP,EUR,81999898,100,1,,0000000
800,EURX,GBP,FIM,81999898,1,1,,0000000
800,EURX,GBP,FRF,81999898,1,1,,0000000
800,EURX,GBP,IEP,81999898,1,1,,0000000
800,EURX,GBP,ITL,81999898,1,1,,0000000
800,EURX,GBP,LUF,81999898,1,1,,0000000
800,EURX,GBP,NLG,81999898,1,1,,0000000
800,EURX,GBP,PTE,81999898,1,1,,0000000
800,EURX,HRK,DEM,81999898,100,1,,0000000
800,EURX,HRK,EUR,81999898,1,1,,0000000
800,EURX,HUF,DEM,81999898,100,1,,0000000
800,EURX,HUF,EUR,81999898,1,1,,0000000
800,EURX,IDX,CHF,79869298,1,1,,0000000
800,EURX,IDX,EUR,79869298,1,1,,0000000
800,EURX,IDX,GBP,79869298,1,1,,0000000
800,EURX,IDX,USD,79869298,1,1,,0000000
800,EURX,JPY,DEM,81999898,100,1,,0000000
800,EURX,JPY,EUR,81999898,100,1,,0000000
800,EURX,JPY,USD,81999898,100,1,,0000000
800,EURX,MXN,DEM,81999898,100,1,,0000000
800,EURX,MXN,EUR,81999898,100,1,,0000000
800,EURX,NOK,EUR,81999898,1,1,,0000000
800,EURX,NZD,EUR,81999898,1,1,,0000000
800,EURX,PEN,DEM,81999898,100,1,,0000000
800,EURX,PEN,EUR,81999898,1,1,,0000000
800,EURX,PKT,EUR,80009898,1,1,,0000000
800,EURX,PKT,USD,80009898,1,1,,0000000
800,EURX,PLN,DEM,81999898,100,1,,0000000
800,EURX,PLN,EUR,81999898,1,1,,0000000
800,EURX,PTE,EUR,80099898,1,1,,0000000
800,EURX,ROL,DEM,81999898,10000,1,,0000000
800,EURX,ROL,EUR,81999898,1000,1,,0000000
800,EURX,RUB,DEM,81999898,100,1,,0000000
800,EURX,RUB,EUR,81999898,1,1,,0000000
800,EURX,SEK,EUR,81999898,1,1,,0000000
800,EURX,SIT,DEM,81999898,100,1,,0000000
800,EURX,SIT,EUR,81999898,1,1,,0000000
800,EURX,SKK,DEM,81999898,100,1,,0000000
800,EURX,SKK,EUR,81999898,1,1,,0000000
800,EURX,USD,ATS,81999898,1,1,,0000000
800,EURX,USD,BEF,81999898,1,1,,0000000
800,EURX,USD,CHF,81999898,1,1,,0000000
800,EURX,USD,DEM,81999898,1,1,,0000000
800,EURX,USD,ECU,81999898,1,1,,0000000
800,EURX,USD,ESP,81999898,1,1,,0000000
800,EURX,USD,EUR,81999898,1,1,,0000000
800,EURX,USD,FIM,81999898,1,1,,0000000
800,EURX,USD,FRF,81999898,1,1,,0000000
800,EURX,USD,IEP,81999898,1,1,,0000000
800,EURX,USD,ITL,81999898,1,1,,0000000
800,EURX,USD,JPY,81999898,1,1,,0000000
800,EURX,USD,LUF,81999898,1,1,,0000000
800,EURX,USD,NLG,81999898,1,1,,0000000
800,EURX,USD,PKT,80009898,1,1,,0000000
800,EURX,USD,PTE,81999898,1,1,,0000000
800,EURX,USD,USD5,81999898,1,1,,0000000
800,EURX,USD5,USD,81999898,1,1,,0000000
800,EURX,VEB,DEM,81999898,100,1,,0000000
800,EURX,VEB,EUR,81999898,1,1,,0000000
800,G,ATS,ATS,81999898,1,1,,0000000
800,G,ATS,DEM,81999898,1,1,,0000000
800,G,ATS,EUR,81999898,1,1,,0000000
800,G,AUD,EUR,79949898,1,1,,0000000
800,G,AUD,GBP,79949898,1,1,,0000000
800,G,AUD,NZD,79949898,1,1,,0000000
800,G,AUD,USD,81999898,1,1,,0000000
800,G,BEF,DEM,81999898,1,1,,0000000
800,G,BEF,EUR,81999898,1,1,,0000000
800,G,CAD,ATS,81999898,1,1,,0000000
800,G,CAD,AUD,81999898,1,1,,0000000
800,G,CAD,BEF,81999898,1,1,,0000000
800,G,CAD,CHF,81999898,1,1,,0000000
800,G,CAD,DEM,81999898,1,1,,0000000
800,G,CAD,ESP,81999898,1,1,,0000000
800,G,CAD,EUR,81999898,1,1,,0000000
800,G,CAD,FRF,81999898,1,1,,0000000
800,G,CAD,GBP,81999898,1,1,,0000000
800,G,CAD,ITL,81999898,1,1,,0000000
800,G,CAD,JPY,81999898,1,1,,0000000
800,G,CAD,USD,81999898,1,1,,0000000
800,G,CHF,DEM,81999898,1,1,,0000000
800,G,CHF,EUR,81999898,1,1,,0000000
800,G,CHF,USD,81999898,1,1,,0000000
800,G,COP,EUR,79889898,1,1,,0000000
800,G,DEM,ATS,81999898,1,1,,0000000
800,G,DEM,CHF,81999898,1,1,,0000000
800,G,DEM,CZK,81999898,1,1,,0000000
800,G,DEM,DEM,81999898,1,1,,0000000
800,G,DEM,DKK,81999898,1,1,,0000000
800,G,DEM,EUR,80009898,1,1,EURG,0000000
800,G,DEM,EUR,81999898,1,1,,0000000
800,G,DEM,FIM,81999898,1,1,,0000000
800,G,DEM,FRF,81999898,1,1,,0000000
800,G,DEM,GBP,81999898,1,1,,0000000
800,G,DEM,ITL,81999898,1,1,,0000000
800,G,DEM,JPY,80009898,1,1,EURG,0000000
800,G,DEM,JPY,81999898,1,1,,0000000
800,G,DEM,NLG,81999898,1,1,,0000000
800,G,DEM,NOK,81999898,1,1,,0000000
800,G,DEM,RUB,81999898,1,1,,0000000
800,G,DEM,SEK,81999898,1,1,,0000000
800,G,DEM,USD,80009898,1,1,EURG,0000000
800,G,DEM,USD,81999898,1,1,,0000000
800,G,DEM,ZAR,81999898,1,1,,0000000
800,G,DKK,DKK,81999898,1,1,,0000000
800,G,ECU,USD,81999898,1,1,,0000000
800,G,EUR,AED,79889898,1,1,,0000000
800,G,EUR,ATS,81999898,1,1,,0000000
800,G,EUR,AUD,79889898,1,1,,0000000
800,G,EUR,CAD,79889898,1,1,,0000000
800,G,EUR,CHF,81999898,1,1,,0000000
800,G,EUR,CZK,81999898,1,1,,0000000
800,G,EUR,DEM,80009898,1,1,EURG,0000000
800,G,EUR,DEM,81999898,1,1,,0000000
800,G,EUR,DKK,81999898,1,1,,0000000
800,G,EUR,EUR,81999898,1,1,,0000000
800,G,EUR,FIM,81999898,1,1,,0000000
800,G,EUR,FRF,81999898,1,1,,0000000
800,G,EUR,GBP,81999898,1,1,,0000000
800,G,EUR,HKD,79889898,1,1,,0000000
800,G,EUR,ITL,81999898,1,1,,0000000
800,G,EUR,JPY,81999898,1,1,EURG,0000000
800,G,EUR,MXN,79889898,1,1,,0000000
800,G,EUR,NLG,81999898,1,1,,0000000
800,G,EUR,NOK,81999898,1,1,,0000000
800,G,EUR,NZD,79889898,1,1,,0000000
800,G,EUR,PLN,79889898,1,1,,0000000
800,G,EUR,RUB,81999898,1,1,,0000000
800,G,EUR,SAR,79889898,1,1,,0000000
800,G,EUR,SEK,81999898,1,1,,0000000
800,G,EUR,TWD,79889898,1,1,,0000000
800,G,EUR,USD,81999898,1,1,EURG,0000000
800,G,EUR,ZAR,81999898,1,1,,0000000
800,G,FIM,DEM,81999898,1,1,,0000000
800,G,FIM,EUR,81999898,100,1,,0000000
800,G,FIM,FIM,81999898,1,1,,0000000
800,G,FIM,SEK,81999898,1,1,,0000000
800,G,FRF,DEM,81999898,1,1,,0000000
800,G,FRF,EUR,81999898,1,1,,0000000
800,G,FRF,FRF,81999898,1,1,,0000000
800,G,FRF,SEK,81999898,1,1,,0000000
800,G,FRF,USD,81999898,1,1,,0000000
800,G,GBP,GBP,81999898,1,1,,0000000
800,G,GBP,SEK,81999898,1,1,,0000000
800,G,GBP,USD,81999898,1,1,,0000000
800,G,GBP,ZAR,81999898,1,1,,0000000
800,G,INR,USD,79799598,1,1,,0000000
800,G,ITL,DEM,81999898,1000,1,,0000000
800,G,ITL,EUR,81999898,1000,1,,0000000
800,G,ITL,USD,81999898,1000,1,,0000000
800,G,JPY,DEM,80009898,100,1,EURG,0000000
800,G,JPY,DEM,81999898,100,1,,0000000
800,G,JPY,EUR,81999898,100,1,EURG,0000000
800,G,JPY,USD,81999898,100,1,,0000000
800,G,NLG,DEM,81999898,1,1,,0000000
800,G,NLG,EUR,81999898,1,1,,0000000
800,G,NLG,NLG,81999898,1,1,,0000000
800,G,NOK,DEM,81999898,1,1,,0000000
800,G,NOK,EUR,81999898,1,1,,0000000
800,G,NOK,NOK,81999898,1,1,,0000000
800,G,NZD,EUR,79949898,1,1,,0000000
800,G,NZD,GBP,79949898,1,1,,0000000
800,G,NZD,USD,79949898,1,1,,0000000
800,G,PTE,EUR,80099898,1,1,,0000000
800,G,PTE,USD,81999898,1,1,,0000000
800,G,RUB,DEM,81999898,1,1,,0000000
800,G,RUB,EUR,81999898,1,1,,0000000
800,G,RUB,RUB,81999898,1,1,,0000000
800,G,RUB,USD,81999898,1,1,,0000000
800,G,RUR,DEM,81999898,1,1,,0000000
800,G,RUR,EUR,81999898,1,1,,0000000
800,G,RUR,USD,81999898,1,1,,0000000
800,G,SEK,DEM,81999898,1,1,,0000000
800,G,SEK,EUR,81999898,1,1,,0000000
800,G,SEK,FIM,81999898,1,1,,0000000
800,G,SEK,FRF,81999898,1,1,,0000000
800,G,SEK,GBP,81999898,1,1,,0000000
800,G,SEK,SEK,81999898,1,1,,0000000
800,G,SEK,USD,81999898,1,1,,0000000
800,G,SKK,CZK,81999898,1,1,,0000000
800,G,USD,ATS,81999898,1,1,,0000000
800,G,USD,AUD,81999898,1,1,,0000000
800,G,USD,BEF,81999898,1,1,,0000000
800,G,USD,BRL,79989794,1,1,,0000000
800,G,USD,CAD,81999898,1,1,,0000000
800,G,USD,CHF,81999898,1,1,,0000000
800,G,USD,CZK,81999898,1,1,,0000000
800,G,USD,DEM,80009898,1,1,EURG,0000000
800,G,USD,DEM,81999898,1,1,,0000000
800,G,USD,ECU,81999898,1,1,,0000000
800,G,USD,ESP,81999898,1,1,,0000000
800,G,USD,EUR,81999898,1,1,EURG,0000000
800,G,USD,FIM,81999898,1,1,,0000000
800,G,USD,FRF,81999898,1,1,,0000000
800,G,USD,GBP,81999898,1,1,,0000000
800,G,USD,INR,79799598,1,1,,0000000
800,G,USD,INR,79809895,1,1,,0000000
800,G,USD,INR,79819668,1,1,,0000000
800,G,USD,ITL,81999898,1,1000,,0000000
800,G,USD,JPY,81999898,1,1,,0000000
800,G,USD,PTE,81999898,1,1,,0000000
800,G,USD,RUB,81999898,1,1,,0000000
800,G,USD,SEK,81999898,1,1,,0000000
800,G,USD,USD,81999898,1,1,,0000000
800,G,USD,ZAR,81999898,1,1,,0000000
800,G,ZAR,DEM,81999898,1,1,,0000000
800,G,ZAR,EUR,81999898,1,1,,0000000
800,G,ZAR,GBP,81999898,1,1,,0000000
800,G,ZAR,USD,81999898,1,1,,0000000
800,I,PTE,EUR,80099898,1,1,,0000000
800,ICBP,CHF,EUR,79909569,1,1,,0000000
800,ICBP,EUR,CHF,79909569,1,1,,0000000
800,ICBP,EUR,GBP,79909569,1,1,,0000000
800,ICBP,EUR,JPY,79989898,1,1,,0000000
800,ICBP,EUR,USD,79989898,1,1,,0000000
800,ICBP,GBP,EUR,79909569,1,1,,0000000
800,ICBP,JPY,EUR,79989898,100,1,,0000000
800,ICBP,JPY,USD,79989898,100,1,,0000000
800,ICBP,PTE,EUR,80099898,1,1,,0000000
800,ICBP,USD,EUR,79989898,1,1,,0000000
800,ICBP,USD,JPY,79989898,1,1,,0000000
800,ICBS,CHF,EUR,79909569,1,1,,0000000
800,ICBS,EUR,CHF,79909569,1,1,,0000000
800,ICBS,EUR,GBP,79909569,1,1,,0000000
800,ICBS,EUR,JPY,79989898,1,1,,0000000
800,ICBS,EUR,USD,79989898,1,1,,0000000
800,ICBS,GBP,EUR,79909569,1,1,,0000000
800,ICBS,JPY,EUR,79989898,100,1,,0000000
800,ICBS,JPY,USD,79989898,100,1,,0000000
800,ICBS,PTE,EUR,80099898,1,1,,0000000
800,ICBS,USD,EUR,79989898,1,1,,0000000
800,ICBS,USD,JPY,79989898,1,1,,0000000
800,ICGP,CHF,EUR,79909569,1,1,,0000000
800,ICGP,EUR,CHF,79909569,1,1,,0000000
800,ICGP,EUR,GBP,79909569,1,1,,0000000
800,ICGP,EUR,JPY,79989898,1,1,,0000000
800,ICGP,EUR,USD,79989898,1,1,,0000000
800,ICGP,GBP,EUR,79909569,1,1,,0000000
800,ICGP,JPY,EUR,79989898,100,1,,0000000
800,ICGP,JPY,USD,79989898,100,1,,0000000
800,ICGP,PTE,EUR,80099898,1,1,,0000000
800,ICGP,USD,EUR,79989898,1,1,,0000000
800,ICGP,USD,JPY,79989898,1,1,,0000000
800,ICGS,CHF,EUR,79909569,1,1,,0000000
800,ICGS,EUR,CHF,79909569,1,1,,0000000
800,ICGS,EUR,GBP,79909569,1,1,,0000000
800,ICGS,EUR,JPY,79989898,1,1,,0000000
800,ICGS,EUR,USD,79989898,1,1,,0000000
800,ICGS,GBP,EUR,79909569,1,1,,0000000
800,ICGS,JPY,EUR,79989898,100,1,,0000000
800,ICGS,JPY,USD,79989898,100,1,,0000000
800,ICGS,PTE,EUR,80099898,1,1,,0000000
800,ICGS,USD,EUR,79989898,1,1,,0000000
800,ICGS,USD,JPY,79989898,1,1,,0000000
800,ICMP,CHF,EUR,79909569,1,1,,0000000
800,ICMP,EUR,CHF,79909569,1,1,,0000000
800,ICMP,EUR,GBP,79909569,1,1,,0000000
800,ICMP,EUR,JPY,79989898,1,1,,0000000
800,ICMP,EUR,USD,79989898,1,1,,0000000
800,ICMP,GBP,EUR,79909569,1,1,,0000000
800,ICMP,JPY,EUR,79989898,100,1,,0000000
800,ICMP,JPY,USD,79989898,100,1,,0000000
800,ICMP,PTE,EUR,80099898,1,1,,0000000
800,ICMP,USD,EUR,79989898,1,1,,0000000
800,ICMP,USD,JPY,79989898,1,1,,0000000
800,ICMS,CHF,EUR,79909569,1,1,,0000000
800,ICMS,EUR,CHF,79909569,1,1,,0000000
800,ICMS,EUR,GBP,79909569,1,1,,0000000
800,ICMS,EUR,JPY,79989898,1,1,,0000000
800,ICMS,EUR,USD,79989898,1,1,,0000000
800,ICMS,GBP,EUR,79909569,1,1,,0000000
800,ICMS,JPY,EUR,79989898,100,1,,0000000
800,ICMS,JPY,USD,79989898,100,1,,0000000
800,ICMS,PTE,EUR,80099898,1,1,,0000000
800,ICMS,USD,EUR,79989898,1,1,,0000000
800,ICMS,USD,JPY,79989898,1,1,,0000000
800,INT,ATS,ATS,81999898,1,1,,0000000
800,INT,ATS,DEM,81999898,100,1,,0000000
800,INT,ATS,EUR,81999898,100,1,,0000000
800,INT,ATS,USD,81999898,100,1,,0000000
800,INT,AUD,ATS,81999898,1,1,,0000000
800,INT,AUD,AUD,81999898,1,1,,0000000
800,INT,AUD,BEF,81999898,1,1,,0000000
800,INT,AUD,CAD,81999898,100,1,,0000000
800,INT,AUD,DEM,81999898,100,1,,0000000
800,INT,AUD,ECU,81999898,100,1,,0000000
800,INT,AUD,ESP,81999898,1,1,,0000000
800,INT,AUD,EUR,81999898,100,1,,0000000
800,INT,AUD,FFR,81999898,1,1,,0000000
800,INT,AUD,FRF,81999898,1,1,,0000000
800,INT,AUD,GBP,81999898,100,1,,0000000
800,INT,AUD,ITL,81999898,1,10,,0000000
800,INT,AUD,JPY,81999898,1,1,,0000000
800,INT,AUD,PTE,81999898,1,1,,0000000
800,INT,AUD,SGD,81999898,1,1,,0000000
800,INT,AUD,USD,81999898,100,1,,0000000
800,INT,BEF,BEF,81999898,1,1,,0000000
800,INT,BEF,DEM,81999898,100,1,,0000000
800,INT,BEF,EUR,81999898,100,1,,0000000
800,INT,BEF,USD,81999898,100,1,,0000000
800,INT,CAD,ATS,81999898,1,100,,0000000
800,INT,CAD,AUD,81999898,1,100,,0000000
800,INT,CAD,BEF,81999898,1,100,,0000000
800,INT,CAD,CAD,81999898,1,1,,0000000
800,INT,CAD,CHF,81999898,1,100,,0000000
800,INT,CAD,DEM,81999898,1,1,,0000000
800,INT,CAD,ECU,81999898,1,1,,0000000
800,INT,CAD,ESP,81999898,1,100,,0000000
800,INT,CAD,EUR,81999898,1,1,,0000000
800,INT,CAD,FFR,81999898,1,1,,0000000
800,INT,CAD,FRF,81999898,1,100,,0000000
800,INT,CAD,GBP,81999898,1,1,,0000000
800,INT,CAD,ITL,81999898,1,1000,,0000000
800,INT,CAD,JPY,81999898,1,1,,0000000
800,INT,CAD,LIT,81999898,1,1,,0000000
800,INT,CAD,MXN,81999898,1,100,,0000000
800,INT,CAD,PTE,81999898,1,100,,0000000
800,INT,CAD,SFR,81999898,1,1,,0000000
800,INT,CAD,USD,81999898,1,1,,0000000
800,INT,CHF,CHF,81999898,1,1,,0000000
800,INT,CHF,DEM,81999898,100,1,,0000000
800,INT,CHF,EUR,81999898,100,1,,0000000
800,INT,CHF,FRF,81999898,1,1,,0000000
800,INT,CHF,USD,81999898,100,1,,0000000
800,INT,DEM,ATS,81999898,1,100,,0000000
800,INT,DEM,AUD,81999898,1,100,,0000000
800,INT,DEM,BEF,81999898,1,100,,0000000
800,INT,DEM,CAD,81999898,1,1,,0000000
800,INT,DEM,CHF,81999898,1,100,,0000000
800,INT,DEM,CZK,81999898,1,1,,0000000
800,INT,DEM,DEM,81999898,1,1,,0000000
800,INT,DEM,DKK,81999898,1,1,,0000000
800,INT,DEM,ECU,81999898,1,1,,0000000
800,INT,DEM,ESP,81999898,1,100,,0000000
800,INT,DEM,EUR,81999898,1,1,,0000000
800,INT,DEM,FIM,81999898,1,1,,0000000
800,INT,DEM,FRF,81999898,1,100,,0000000
800,INT,DEM,GBP,81999898,1,1,,0000000
800,INT,DEM,IEP,81999898,1,100,,0000000
800,INT,DEM,ITL,81999898,1,1000,,0000000
800,INT,DEM,JPY,81999898,1,1,,0000000
800,INT,DEM,LUF,81999898,1,100,,0000000
800,INT,DEM,MXN,81999898,1,100,,0000000
800,INT,DEM,NLG,81999898,1,1,,0000000
800,INT,DEM,NOK,81999898,1,1,,0000000
800,INT,DEM,PTE,81999898,1,100,,0000000
800,INT,DEM,RUB,81999898,1,1,,0000000
800,INT,DEM,RUR,81999898,1,1,,0000000
800,INT,DEM,SEK,81999898,1,1,,0000000
800,INT,DEM,SGD,81999898,1,1,,0000000
800,INT,DEM,USD,81999898,1,1,,0000000
800,INT,DEM,ZAR,81999898,1,1,,0000000
800,INT,DKK,DKK,81999898,1,1,,0000000
800,INT,ECU,AUD,81999898,1,100,,0000000
800,INT,ECU,CAD,81999898,1,1,,0000000
800,INT,ECU,DEM,81999898,1,1,,0000000
800,INT,ECU,ECU,81999898,1,1,,0000000
800,INT,ECU,EUR,81999898,1,1,,0000000
800,INT,ECU,GBP,81999898,1,1,,0000000
800,INT,ECU,ITL,81999898,1,1000,,0000000
800,INT,ECU,PTE,81999898,1,100,,0000000
800,INT,ECU,USD,81999898,1,1,,0000000
800,INT,ESP,DEM,81999898,100,1,,0000000
800,INT,ESP,ESP,81999898,1,1,,0000000
800,INT,ESP,EUR,81999898,100,1,,0000000
800,INT,ESP,FRF,81999898,1,1,,0000000
800,INT,ESP,GBP,81999898,100,1,,0000000
800,INT,ESP,PTE,81999898,1,1,,0000000
800,INT,ESP,USD,81999898,100,1,,0000000
800,INT,EUR,ATS,81999898,1,100,,0000000
800,INT,EUR,AUD,81999898,1,100,,0000000
800,INT,EUR,BEF,81999898,1,100,,0000000
800,INT,EUR,CAD,81999898,1,1,,0000000
800,INT,EUR,CHF,81999898,1,100,,0000000
800,INT,EUR,CZK,81999898,1,1,,0000000
800,INT,EUR,DEM,81999898,1,1,,0000000
800,INT,EUR,DKK,81999898,1,1,,0000000
800,INT,EUR,ECU,81999898,1,1,,0000000
800,INT,EUR,ESP,81999898,1,100,,0000000
800,INT,EUR,EUR,81999898,1,1,,0000000
800,INT,EUR,FIM,81999898,1,1,,0000000
800,INT,EUR,FRF,81999898,1,1,,0000000
800,INT,EUR,GBP,81999898,1,1,,0000000
800,INT,EUR,IEP,81999898,1,100,,0000000
800,INT,EUR,ITL,81999898,1,1000,,0000000
800,INT,EUR,JPY,81999898,1,1,,0000000
800,INT,EUR,LUF,81999898,1,100,,0000000
800,INT,EUR,MXN,81999898,1,100,,0000000
800,INT,EUR,NLG,81999898,1,1,,0000000
800,INT,EUR,NOK,81999898,1,1,,0000000
800,INT,EUR,PTE,81999898,1,100,,0000000
800,INT,EUR,RUB,81999898,1,1,,0000000
800,INT,EUR,RUR,81999898,1,1,,0000000
800,INT,EUR,SEK,81999898,1,1,,0000000
800,INT,EUR,SGD,81999898,1,1,,0000000
800,INT,EUR,USD,81999898,1,1,,0000000
800,INT,EUR,ZAR,81999898,1,1,,0000000
800,INT,FIM,DEM,81999898,1,1,,0000000
800,INT,FIM,EUR,81999898,1,1,,0000000
800,INT,FIM,FIM,81999898,1,1,,0000000
800,INT,FIM,SEK,81999898,1,1,,0000000
800,INT,FRF,CHF,81999898,1,1,,0000000
800,INT,FRF,DEM,81999898,1,1,,0000000
800,INT,FRF,ESP,81999898,1,1,,0000000
800,INT,FRF,EUR,81999898,1,1,,0000000
800,INT,FRF,FRF,81999898,1,1,,0000000
800,INT,FRF,SEK,81999898,1,1,,0000000
800,INT,FRF,USD,81999898,100,1,,0000000
800,INT,GBP,AUD,81999898,1,100,,0000000
800,INT,GBP,CAD,81999898,1,1,,0000000
800,INT,GBP,DEM,81999898,1,1,,0000000
800,INT,GBP,ECU,81999898,1,1,,0000000
800,INT,GBP,ESP,81999898,1,100,,0000000
800,INT,GBP,EUR,81999898,1,1,,0000000
800,INT,GBP,GBP,81999898,1,1,,0000000
800,INT,GBP,ITL,81999898,1,1000,,0000000
800,INT,GBP,PTE,81999898,1,100,,0000000
800,INT,GBP,SEK,81999898,1,1,,0000000
800,INT,GBP,USD,81999898,1,1,,0000000
800,INT,GBP,ZAR,81999898,1,1,,0000000
800,INT,IEP,DEM,81999898,1,1,,0000000
800,INT,IEP,EUR,81999898,1,1,,0000000
800,INT,IEP,IEP,81999898,1,1,,0000000
800,INT,ITL,AUD,81999898,10,1,,0000000
800,INT,ITL,CAD,81999898,1000,1,,0000000
800,INT,ITL,CHF,81999898,10,1,,0000000
800,INT,ITL,DEM,81999898,1000,1,,0000000
800,INT,ITL,ECU,81999898,1000,1,,0000000
800,INT,ITL,EUR,81999898,1000,1,,0000000
800,INT,ITL,FRF,81999898,10,1,,0000000
800,INT,ITL,GBP,81999898,1000,1,,0000000
800,INT,ITL,ITL,81999898,1,1,,0000000
800,INT,ITL,PTE,81999898,10,1,,0000000
800,INT,ITL,USD,81999898,1000,1,,0000000
800,INT,JPY,DEM,81999898,100,1,,0000000
800,INT,JPY,EUR,81999898,100,1,,0000000
800,INT,JPY,JPY,81999898,1,1,,0000000
800,INT,JPY,USD,81999898,100,1,,0000000
800,INT,KWD,DEM,81999898,1,1,,0000000
800,INT,KWD,EUR,81999898,1,1,,0000000
800,INT,LUF,DEM,81999898,100,1,,0000000
800,INT,LUF,EUR,81999898,100,1,,0000000
800,INT,LUF,LUF,81999898,1,1,,0000000
800,INT,MXN,CAD,81999898,100,1,,0000000
800,INT,MXN,DEM,81999898,100,1,,0000000
800,INT,MXN,EUR,81999898,100,1,,0000000
800,INT,MXN,MXN,81999898,1,1,,0000000
800,INT,MXN,USD,81999898,100,1,,0000000
800,INT,NLG,DEM,81999898,1,1,,0000000
800,INT,NLG,EUR,81999898,1,1,,0000000
800,INT,NLG,NLG,81999898,1,1,,0000000
800,INT,NOK,DEM,81999898,1,1,,0000000
800,INT,NOK,EUR,81999898,1,1,,0000000
800,INT,NOK,NOK,81999898,1,1,,0000000
800,INT,PTE,AUD,81999898,1,1,,0000000
800,INT,PTE,CAD,81999898,100,1,,0000000
800,INT,PTE,DEM,81999898,100,1,,0000000
800,INT,PTE,ECU,81999898,100,1,,0000000
800,INT,PTE,ESP,81999898,1,1,,0000000
800,INT,PTE,EUR,81999898,100,1,,0000000
800,INT,PTE,GBP,81999898,100,1,,0000000
800,INT,PTE,ITL,81999898,1,10,,0000000
800,INT,PTE,PTE,81999898,1,1,,0000000
800,INT,PTE,USD,81999898,100,1,,0000000
800,INT,RUB,DEM,81999898,1,1,,0000000
800,INT,RUB,EUR,81999898,1,1,,0000000
800,INT,RUB,RUB,81999898,1,1,,0000000
800,INT,RUB,USD,81999898,1,1,,0000000
800,INT,RUR,ATS,81999898,1,1,,0000000
800,INT,RUR,AUD,81999898,1,1,,0000000
800,INT,RUR,BEF,81999898,1,1,,0000000
800,INT,RUR,CAD,81999898,1,1,,0000000
800,INT,RUR,CHF,81999898,1,1,,0000000
800,INT,RUR,CZK,81999898,1,1,,0000000
800,INT,RUR,DEM,81999898,1,1,,0000000
800,INT,RUR,EUR,81999898,1,1,,0000000
800,INT,RUR,RUR,81999898,1,1,,0000000
800,INT,RUR,UAK,81999898,1,1,,0000000
800,INT,RUR,USD,81999898,1,1,,0000000
800,INT,SEK,DEM,81999898,1,1,,0000000
800,INT,SEK,EUR,81999898,1,1,,0000000
800,INT,SEK,FIM,81999898,1,1,,0000000
800,INT,SEK,FRF,81999898,1,1,,0000000
800,INT,SEK,GBP,81999898,1,1,,0000000
800,INT,SEK,SEK,81999898,1,1,,0000000
800,INT,SEK,USD,81999898,1,1,,0000000
800,INT,SGD,ATS,81999898,1,1,,0000000
800,INT,SGD,BEF,81999898,1,1,,0000000
800,INT,SGD,CAD,81999898,1,1,,0000000
800,INT,SGD,DEM,81999898,1,1,,0000000
800,INT,SGD,ESP,81999898,1,1,,0000000
800,INT,SGD,EUR,81999898,1,1,,0000000
800,INT,SGD,FFR,81999898,1,1,,0000000
800,INT,SGD,FRF,81999898,1,1,,0000000
800,INT,SGD,GBP,81999898,1,1,,0000000
800,INT,SGD,JPY,81999898,1,1,,0000000
800,INT,SGD,USD,81999898,1,1,,0000000
800,INT,SKK,CZK,81999898,1,1,,0000000
800,INT,USD,ATS,81999898,1,100,,0000000
800,INT,USD,AUD,81999898,1,100,,0000000
800,INT,USD,BEF,81999898,1,100,,0000000
800,INT,USD,CAD,81999898,1,1,,0000000
800,INT,USD,CHF,81999898,1,100,,0000000
800,INT,USD,CZK,81999898,1,1,,0000000
800,INT,USD,DEM,81999898,1,1,,0000000
800,INT,USD,ECU,81999898,1,1,,0000000
800,INT,USD,ESP,81999898,1,100,,0000000
800,INT,USD,EUR,81999898,100,1,,0000000
800,INT,USD,FFR,81999898,1,1,,0000000
800,INT,USD,FIM,81999898,1,1,,0000000
800,INT,USD,FRF,81999898,1,100,,0000000
800,INT,USD,GBP,81999898,1,1,,0000000
800,INT,USD,ITL,81999898,1,1000,,0000000
800,INT,USD,JPY,81999898,1,1,,0000000
800,INT,USD,LIT,81999898,1,1,,0000000
800,INT,USD,MXN,81999898,1,100,,0000000
800,INT,USD,PTE,81999898,1,100,,0000000
800,INT,USD,RUB,81999898,1,1,,0000000
800,INT,USD,RUR,81999898,1,1,,0000000
800,INT,USD,SEK,81999898,1,1,,0000000
800,INT,USD,SFR,81999898,1,1,,0000000
800,INT,USD,SGD,81999898,1,1,,0000000
800,INT,USD,USD,81999898,1,1,,0000000
800,INT,USD,ZAR,81999898,1,1,,0000000
800,INT,ZAR,DEM,81999898,1,1,,0000000
800,INT,ZAR,EUR,81999898,1,1,,0000000
800,INT,ZAR,GBP,81999898,1,1,,0000000
800,INT,ZAR,USD,81999898,1,1,,0000000
800,L001,EUR,USD,79799898,1,1,,0000000
800,M,AED,CAD,81999898,1,1,,0000000
800,M,AED,DEM,81999898,100,1,,0000000
800,M,AED,EUR,80009898,1,1,EURX,0000000
800,M,AED,EUR,81999898,1,1,,0000000
800,M,AED,GBP,81999898,1,1,,0000000
800,M,AED,JPY,81999898,1,1,,0000000
800,M,AED,USD,81999898,1,1,,0000000
800,M,AED,XOF,81999898,1,1,,0000000
800,M,AFN,USD,80009898,1,1,,0000000
800,M,ALL,EUR,81999898,1,1,,0000000
800,M,ALL,USD,81999898,1,1,,0000000
800,M,ANG,CAD,81999898,1,1,,0000000
800,M,ANG,GBP,81999898,1,1,,0000000
800,M,ANG,USD,81999898,1,1,,0000000
800,M,AOA,CAD,81999898,1,1,,0000000
800,M,AOA,GBP,81999898,1,1,,0000000
800,M,AOA,USD,81999898,1,1,,0000000
800,M,ARS,BRL,81999898,1,1,,0000000
800,M,ARS,CAD,81999898,1,1,,0000000
800,M,ARS,CLP,81999898,1,1,,0000000
800,M,ARS,COP,81999898,1,1,,0000000
800,M,ARS,DEM,80009898,100,1,EURX,0000000
800,M,ARS,DEM,81999898,100,1,,0000000
800,M,ARS,EUR,80009898,1,1,EURX,0000000
800,M,ARS,EUR,81999898,1,1,,0000000
800,M,ARS,GBP,81999898,1,1,,0000000
800,M,ARS,JPY,81999898,1,1,,0000000
800,M,ARS,MXN,81999898,1,1,,0000000
800,M,ARS,PEN,81999898,1,1,,0000000
800,M,ARS,USD,81999898,1,1,,0000000
800,M,ARS,VEB,81999898,1,1,,0000000
800,M,ATS,ATS,81999898,1,1,,0000000
800,M,ATS,BEF,80009898,1,1,EURO,0000000
800,M,ATS,BEF,81999898,1,1,,0000000
800,M,ATS,CAD,81999898,1,1,,0000000
800,M,ATS,CHF,81999898,100,1,,0000000
800,M,ATS,DEM,80009898,100,1,EURO,0000000
800,M,ATS,DEM,81999898,100,1,,0000000
800,M,ATS,DKK,81999898,100,1,,0000000
800,M,ATS,ESP,80009898,1,1,EURO,0000000
800,M,ATS,ESP,81999898,1,1,,0000000
800,M,ATS,EUR,81999898,100,1,EURO,0000000
800,M,ATS,FIM,80009898,100,1,EURO,0000000
800,M,ATS,FIM,81999898,100,1,,0000000
800,M,ATS,FRF,80009898,100,1,EURO,0000000
800,M,ATS,FRF,81999898,100,1,,0000000
800,M,ATS,GBP,81999898,100,1,,0000000
800,M,ATS,GRD,81999898,1,1,,0000000
800,M,ATS,IEP,80009898,100,1,EURO,0000000
800,M,ATS,IEP,81999898,100,1,,0000000
800,M,ATS,ITL,80009898,1,1,EURO,0000000
800,M,ATS,ITL,81999898,1,1,,0000000
800,M,ATS,JPY,81999898,1,1,,0000000
800,M,ATS,LUF,80009898,1,1,EURO,0000000
800,M,ATS,LUF,81999898,1,1,,0000000
800,M,ATS,NLG,80009898,100,1,EURO,0000000
800,M,ATS,NLG,81999898,100,1,,0000000
800,M,ATS,NOK,81999898,1,1,,0000000
800,M,ATS,PTE,80009898,1,1,EURO,0000000
800,M,ATS,PTE,81999898,1,1,,0000000
800,M,ATS,SEK,81999898,100,1,,0000000
800,M,ATS,USD,81999898,100,1,,0000000
800,M,AUD,ATS,81999898,1,1,,0000000
800,M,AUD,AUD,81999898,1,1,,0000000
800,M,AUD,BEF,81999898,1,1,,0000000
800,M,AUD,CAD,79819898,1,1,,0000000
800,M,AUD,CAD,81999898,100,1,,0000000
800,M,AUD,CHF,79819898,1,1,,0000000
800,M,AUD,CHF,81999898,1,1,,0000000
800,M,AUD,DEM,79819898,1,1,,0000000
800,M,AUD,DEM,81999898,1,1,,0000000
800,M,AUD,ECU,81999898,1,1,,0000000
800,M,AUD,ESP,81999898,1,1,,0000000
800,M,AUD,EUR,79819898,1,1,,0000000
800,M,AUD,EUR,80009898,1,1,EURX,0000000
800,M,AUD,EUR,81999898,1,1,,0000000
800,M,AUD,FFR,81999898,1,1,,0000000
800,M,AUD,FRF,81999898,1,1,,0000000
800,M,AUD,GBP,79819898,1,1,,0000000
800,M,AUD,GBP,81999898,1,1,,0000000
800,M,AUD,HUF,79819898,1,1,,0000000
800,M,AUD,HUF,81999898,1,1,,0000000
800,M,AUD,ITL,81999898,1,10,,0000000
800,M,AUD,JPY,79819898,1,1,,0000000
800,M,AUD,JPY,81999898,1,1,,0000000
800,M,AUD,NZD,79819898,1,1,,0000000
800,M,AUD,NZD,81999898,1,1,,0000000
800,M,AUD,PLN,79819898,1,1,,0000000
800,M,AUD,PLN,81999898,1,1,,0000000
800,M,AUD,PTE,81999898,1,1,,0000000
800,M,AUD,SGD,79819898,1,1,,0000000
800,M,AUD,SGD,81999898,1,1,,0000000
800,M,AUD,USD,79819898,1,1,,0000000
800,M,AUD,USD,81999898,1,1,,0000000
800,M,AUD,ZAR,79819898,1,1,,0000000
800,M,AUD,ZAR,81999898,1,1,,0000000
800,M,BEF,ATS,80009898,100,1,EURO,0000000
800,M,BEF,ATS,81999898,100,1,,0000000
800,M,BEF,BEF,81999898,1,1,,0000000
800,M,BEF,CHF,81999898,100,1,,0000000
800,M,BEF,DEM,80009898,100,1,EURO,0000000
800,M,BEF,DEM,81999898,100,1,,0000000
800,M,BEF,DKK,81999898,100,1,,0000000
800,M,BEF,ESP,80009898,1,1,EURO,0000000
800,M,BEF,ESP,81999898,1,1,,0000000
800,M,BEF,EUR,81999898,1000,1,EURO,0000000
800,M,BEF,FIM,80009898,100,1,EURO,0000000
800,M,BEF,FIM,81999898,100,1,,0000000
800,M,BEF,FRF,80009898,100,1,EURO,0000000
800,M,BEF,FRF,81999898,100,1,,0000000
800,M,BEF,GBP,81999898,100,1,,0000000
800,M,BEF,IEP,80009898,1,1,EURO,0000000
800,M,BEF,IEP,81999898,1,1,,0000000
800,M,BEF,ITL,80009898,1,1,EURO,0000000
800,M,BEF,ITL,81999898,1,1,,0000000
800,M,BEF,LUF,80009898,1,1,EURO,0000000
800,M,BEF,LUF,81999898,1,1,,0000000
800,M,BEF,NLG,80009898,100,1,EURO,0000000
800,M,BEF,NLG,81999898,100,1,,0000000
800,M,BEF,PTE,80009898,1,1,EURO,0000000
800,M,BEF,PTE,81999898,1,1,,0000000
800,M,BEF,SEK,81999898,100,1,,0000000
800,M,BEF,USD,81999898,100,1,,0000000
800,M,BRL,ARS,81999898,1,1,,0000000
800,M,BRL,CAD,81999898,1,1,,0000000
800,M,BRL,CLP,81999898,1,1,,0000000
800,M,BRL,COP,81999898,1,1,,0000000
800,M,BRL,DEM,80009898,100,1,EURX,0000000
800,M,BRL,DEM,81999898,100,1,,0000000
800,M,BRL,EUR,81999898,1,1,EURX,0000000
800,M,BRL,IGPM,81999898,1,1,,0000000
800,M,BRL,JPY,81999898,1,1,,0000000
800,M,BRL,MXN,81999898,1,1,,0000000
800,M,BRL,PEN,81999898,1,1,,0000000
800,M,BRL,TJLP,80999898,100,1,,0000000
800,M,BRL,USD,81999898,1,1,,0000000
800,M,BRL,VEB,81999898,1,1,,0000000
800,M,CAD,ARS,81999898,1,1,,0000000
800,M,CAD,ATS,81999898,1,100,,0000000
800,M,CAD,AUD,81999898,1,1,,0000000
800,M,CAD,BEF,81999898,1,1,,0000000
800,M,CAD,BRL,81999898,1,1,,0000000
800,M,CAD,CAD,81999898,1,1,,0000000
800,M,CAD,CHF,81999898,1,1,,0000000
800,M,CAD,CLP,81999898,1,1,,0000000
800,M,CAD,COP,81999898,1,1,,0000000
800,M,CAD,DEM,81999898,1,1,,0000000
800,M,CAD,DKK,79919898,1,1,,0000000
800,M,CAD,DKK,80009898,1,1,,0000000
800,M,CAD,ECU,81999898,1,1,,0000000
800,M,CAD,ESP,81999898,1,1,,0000000
800,M,CAD,EUR,81999898,1,1,,0000000
800,M,CAD,FFR,81999898,1,1,,0000000
800,M,CAD,FRF,81999898,1,1,,0000000
800,M,CAD,GBP,81999898,1,1,,0000000
800,M,CAD,HUF,81999898,1,1,,0000000
800,M,CAD,ITL,81999898,1,1,,0000000
800,M,CAD,JPY,80008798,1,100,,0000000
800,M,CAD,JPY,81999898,1,1,,0000000
800,M,CAD,LIT,81999898,1,1,,0000000
800,M,CAD,MXN,81999898,1,1,,0000000
800,M,CAD,PEN,81999898,1,1,,0000000
800,M,CAD,PLN,81999898,1,1,,0000000
800,M,CAD,PTE,81999898,1,1,,0000000
800,M,CAD,SFR,81999898,1,1,,0000000
800,M,CAD,SGD,81999898,1,1,,0000000
800,M,CAD,UNI,81999898,1,1,,0000000
800,M,CAD,USD,81999898,1,1,,0000000
800,M,CAD,VEB,81999898,1,1,,0000000
800,M,CAD,XOF,81999898,1,1,,0000000
800,M,CHF,ATS,80009898,1,1,EURX,0000000
800,M,CHF,ATS,81999898,1,1,,0000000
800,M,CHF,BEF,80009898,1,1,EURX,0000000
800,M,CHF,BEF,81999898,1,1,,0000000
800,M,CHF,CHF,81999898,1,1,,0000000
800,M,CHF,DEM,80009898,1,1,EURX,0000000
800,M,CHF,DEM,81999898,1,1,,0000000
800,M,CHF,DKK,81999898,1,1,,0000000
800,M,CHF,ECU,80009898,1,1,EURX,0000000
800,M,CHF,ESP,80009898,1,1,EURX,0000000
800,M,CHF,ESP,81999898,1,1,,0000000
800,M,CHF,EUR,79879898,1,1,EURX,0000000
800,M,CHF,EUR,81999898,1,1,,0000000
800,M,CHF,FIM,80009898,1,1,EURX,0000000
800,M,CHF,FIM,81999898,1,1,,0000000
800,M,CHF,FRF,80009898,1,1,EURX,0000000
800,M,CHF,FRF,81999898,1,1,,0000000
800,M,CHF,GBP,81999898,1,1,,0000000
800,M,CHF,IEP,80009898,1,1,EURX,0000000
800,M,CHF,ITL,80009898,1,1,EURX,0000000
800,M,CHF,ITL,81999898,1,1,,0000000
800,M,CHF,LUF,80009898,1,1,EURX,0000000
800,M,CHF,NLG,80009898,1,1,EURX,0000000
800,M,CHF,NLG,81999898,1,1,,0000000
800,M,CHF,PTE,80009898,1,1,EURX,0000000
800,M,CHF,PTE,81999898,1,1,,0000000
800,M,CHF,SEK,81999898,1,1,,0000000
800,M,CHF,USD,81999898,100,1,,0000000
800,M,CLP,ARS,81999898,1000,1,,0000000
800,M,CLP,BRL,81999898,1000,1,,0000000
800,M,CLP,CAD,81999898,1000,1,,0000000
800,M,CLP,CNY,80009898,1,1,,0000000
800,M,CLP,COP,81999898,1,1,,0000000
800,M,CLP,DEM,80009898,100,1,EURX,0000000
800,M,CLP,DEM,81999898,100,1,,0000000
800,M,CLP,EUR,80009898,1,1,EURX,0000000
800,M,CLP,EUR,81999898,1,1,,0000000
800,M,CLP,JPY,81999898,100,1,,0000000
800,M,CLP,MXN,81999898,100,1,,0000000
800,M,CLP,PEN,81999898,1000,1,,0000000
800,M,CLP,USD,81999898,1,1,,0000000
800,M,CLP,VEB,81999898,1,1,,0000000
800,M,CNY,CAD,79819898,1,1,,0000000
800,M,CNY,CAD,81999898,1,1,,0000000
800,M,CNY,CHF,79819898,1,1,,0000000
800,M,CNY,CHF,81999898,1,1,,0000000
800,M,CNY,CLP,80009898,1,1,,0000000
800,M,CNY,DEM,79819898,100,1,,0000000
800,M,CNY,DEM,81999898,100,1,,0000000
800,M,CNY,EUR,79819898,1,1,,0000000
800,M,CNY,EUR,79939891,1,1,,0000000
800,M,CNY,EUR,81999898,1,1,,0000000
800,M,CNY,GBP,79819898,1,1,,0000000
800,M,CNY,GBP,81999898,1,1,,0000000
800,M,CNY,HUF,79819898,1,1,,0000000
800,M,CNY,HUF,81999898,1,1,,0000000
800,M,CNY,JPY,79819898,1,1,,0000000
800,M,CNY,JPY,81999898,1,1,,0000000
800,M,CNY,PLN,79819898,1,1,,0000000
800,M,CNY,PLN,81999898,1,1,,0000000
800,M,CNY,RMB,80009898,1,1,,0000000
800,M,CNY,USD,79819898,1,1,,0000000
800,M,CNY,USD,79939891,1,1,,0000000
800,M,CNY,USD,81999898,1,1,,0000000
800,M,CNY,XOF,79819898,1,1,,0000000
800,M,CNY,XOF,81999898,1,1,,0000000
800,M,CNY,ZAR,79819898,1,1,,0000000
800,M,CNY,ZAR,81999898,1,1,,0000000
800,M,COP,ARS,81999898,1000,1,,0000000
800,M,COP,BRL,81999898,1000,1,,0000000
800,M,COP,CAD,81999898,1000,1,,0000000
800,M,COP,CLP,81999898,1,1,,0000000
800,M,COP,DEM,80009898,100,1,EURX,0000000
800,M,COP,DEM,81999898,100,1,,0000000
800,M,COP,EUR,80009898,1,1,EURX,0000000
800,M,COP,EUR,81999898,1,1,,0000000
800,M,COP,JPY,81999898,100,1,,0000000
800,M,COP,PEN,81999898,1000,1,,0000000
800,M,COP,USD,81999898,1,1,,0000000
800,M,CZK,DEM,80009898,100,1,EURX,0000000
800,M,CZK,DEM,81999898,100,1,,0000000
800,M,CZK,EUR,80009898,1,1,EURX,0000000
800,M,CZK,EUR,81999898,1,1,,0000000
800,M,CZK,JPY,81999898,1,1,,0000000
800,M,CZK,USD,81999898,1,1,,0000000
800,M,DEM,ARS,80009898,1,1,EURX,0000000
800,M,DEM,ARS,81999898,1,1,,0000000
800,M,DEM,ATS,80009898,1,1,EURO,0000000
800,M,DEM,ATS,81999898,1,1,,0000000
800,M,DEM,AUD,81999898,1,1,,0000000
800,M,DEM,BEF,80009898,1,1,EURO,0000000
800,M,DEM,BEF,81999898,1,1,,0000000
800,M,DEM,BRL,80009898,1,1,EURX,0000000
800,M,DEM,BRL,81999898,1,1,,0000000
800,M,DEM,CAD,81999898,1,1,,0000000
800,M,DEM,CHF,81999898,1,1,,0000000
800,M,DEM,CLP,80009898,1,1,EURX,0000000
800,M,DEM,CLP,81999898,1,1,,0000000
800,M,DEM,COP,80009898,1,1,EURX,0000000
800,M,DEM,COP,81999898,1,1,,0000000
800,M,DEM,CZK,80009898,1,1,EURX,0000000
800,M,DEM,CZK,81999898,1,1,,0000000
800,M,DEM,DEM,81999898,1,1,,0000000
800,M,DEM,DKK,81999898,1,1,,0000000
800,M,DEM,ECU,80009898,1,1,EURO,0000000
800,M,DEM,ECU,81999898,1,1,,0000000
800,M,DEM,ESP,80009898,1,1,EURO,0000000
800,M,DEM,ESP,81999898,1,1,,0000000
800,M,DEM,EUR,81999898,1,1,EURO,0000000
800,M,DEM,FIM,80009898,1,1,EURO,0000000
800,M,DEM,FIM,81999898,1,1,,0000000
800,M,DEM,FRF,80009898,1,1,EURO,0000000
800,M,DEM,FRF,81999898,1,1,,0000000
800,M,DEM,GBP,81999898,1,1,,0000000
800,M,DEM,HRK,80009898,1,1,EURX,0000000
800,M,DEM,HRK,81999898,1,1,,0000000
800,M,DEM,HUF,80009898,1,1,EURX,0000000
800,M,DEM,HUF,81999898,1,1,,0000000
800,M,DEM,IEP,80009898,100,1,EURO,0000000
800,M,DEM,IEP,81999898,100,1,,0000000
800,M,DEM,ITL,80009898,1,1,EURO,0000000
800,M,DEM,ITL,81999898,1,1,,0000000
800,M,DEM,JPY,80009898,1,1,EURX,0000000
800,M,DEM,JPY,81999898,1,1,,0000000
800,M,DEM,LUF,80009898,1,1,EURO,0000000
800,M,DEM,LUF,81999898,1,1,,0000000
800,M,DEM,MXN,80009898,1,1,EURX,0000000
800,M,DEM,MXN,81999898,1,1,,0000000
800,M,DEM,NLG,80009898,1,1,EURO,0000000
800,M,DEM,NLG,81999898,1,1,,0000000
800,M,DEM,NOK,81999898,1,1,,0000000
800,M,DEM,PEN,80009898,1,1,EURX,0000000
800,M,DEM,PEN,81999898,1,1,,0000000
800,M,DEM,PLN,80009898,1,1,EURX,0000000
800,M,DEM,PLN,81999898,1,1,,0000000
800,M,DEM,PTE,80009898,1,1,EURO,0000000
800,M,DEM,PTE,81999898,1,1,,0000000
800,M,DEM,ROL,80009898,1,1000,EURX,0000000
800,M,DEM,ROL,81999898,1,1000,,0000000
800,M,DEM,RUB,80009898,1,1,EURX,0000000
800,M,DEM,RUB,81999898,1,1,,0000000
800,M,DEM,RUR,81999898,1,10000,,0000000
800,M,DEM,SEK,81999898,1,1,,0000000
800,M,DEM,SGD,81999898,1,1,,0000000
800,M,DEM,SIT,80009898,1,1,EURX,0000000
800,M,DEM,SIT,81999898,1,1,,0000000
800,M,DEM,SKK,80009898,1,1,EURX,0000000
800,M,DEM,SKK,81999898,1,1,,0000000
800,M,DEM,USD,80009898,1,1,EURX,0000000
800,M,DEM,USD,81999898,1,1,,0000000
800,M,DEM,VEB,80009898,1,1,EURX,0000000
800,M,DEM,VEB,81999898,1,1,,0000000
800,M,DEM,ZAR,81999898,1,1,,0000000
800,M,DKK,ATS,81999898,1,1,,0000000
800,M,DKK,BEF,81999898,1,1,,0000000
800,M,DKK,CAD,79919898,1,1,,0000000
800,M,DKK,CAD,80009898,1,1,,0000000
800,M,DKK,CHF,81999898,1,1,,0000000
800,M,DKK,DEM,81999898,1,1,,0000000
800,M,DKK,DKK,81999898,1,1,,0000000
800,M,DKK,ESP,81999898,1,1,,0000000
800,M,DKK,EUR,81999898,100,1,,0000000
800,M,DKK,FIM,81999898,1,1,,0000000
800,M,DKK,FRF,81999898,1,1,,0000000
800,M,DKK,GBP,81999898,1,1,,0000000
800,M,DKK,IEP,81999898,1,1,,0000000
800,M,DKK,ITL,81999898,1,1,,0000000
800,M,DKK,LUF,81999898,1,1,,0000000
800,M,DKK,NLG,81999898,1,1,,0000000
800,M,DKK,SEK,81999898,1,1,,0000000
800,M,DKK,USD,81999898,1,1,,0000000
800,M,ECU,AUD,81999898,1,100,,0000000
800,M,ECU,CAD,81999898,1,1,,0000000
800,M,ECU,DEM,81999898,1,1,,0000000
800,M,ECU,ECU,81999898,1,1,,0000000
800,M,ECU,EUR,81999898,1,1,EURO,0000000
800,M,ECU,GBP,81999898,1,1,,0000000
800,M,ECU,ITL,81999898,1,1000,,0000000
800,M,ECU,PTE,81999898,1,100,,0000000
800,M,ECU,USD,81999898,1,1,,0000000
800,M,EGP,EUR,79929868,1,1,,0000000
800,M,ESP,ATS,80009898,100,1,EURO,0000000
800,M,ESP,ATS,81999898,100,1,,0000000
800,M,ESP,BEF,80009898,100,1,EURO,0000000
800,M,ESP,BEF,81999898,100,1,,0000000
800,M,ESP,CHF,81999898,100,1,,0000000
800,M,ESP,DEM,80009898,100,1,EURO,0000000
800,M,ESP,DEM,81999898,100,1,,0000000
800,M,ESP,DKK,81999898,100,1,,0000000
800,M,ESP,ESP,81999898,1,1,,0000000
800,M,ESP,EUR,81999898,1000,1,EURO,0000000
800,M,ESP,FIM,80009898,100,1,EURO,0000000
800,M,ESP,FIM,81999898,100,1,,0000000
800,M,ESP,FRF,80009898,1,1,EURO,0000000
800,M,ESP,FRF,81999898,1,1,,0000000
800,M,ESP,GBP,81999898,100,1,,0000000
800,M,ESP,IEP,80009898,100,1,EURO,0000000
800,M,ESP,IEP,81999898,100,1,,0000000
800,M,ESP,ITL,80009898,1,1,EURO,0000000
800,M,ESP,ITL,81999898,1,1,,0000000
800,M,ESP,LUF,80009898,100,1,EURO,0000000
800,M,ESP,LUF,81999898,100,1,,0000000
800,M,ESP,NLG,80009898,100,1,EURO,0000000
800,M,ESP,NLG,81999898,100,1,,0000000
800,M,ESP,PTE,80009898,1,1,EURO,0000000
800,M,ESP,PTE,81999898,1,1,,0000000
800,M,ESP,SEK,81999898,100,1,,0000000
800,M,ESP,USD,81999898,100,1,,0000000
800,M,EUR,AED,79819898,1,1,,0000000
800,M,EUR,AED,80009898,1,1,EURX,0000000
800,M,EUR,AED,81999898,1,1,,0000000
800,M,EUR,ALL,79819898,1,1,,0000000
800,M,EUR,ALL,81999898,1,1,,0000000
800,M,EUR,ARS,79819898,1,1,,0000000
800,M,EUR,ARS,80009898,1,1,EURX,0000000
800,M,EUR,ARS,81999898,1,1,,0000000
800,M,EUR,ATS,79819898,1,1,,0000000
800,M,EUR,ATS,81999898,1,1,EURO,0000000
800,M,EUR,AUD,79819898,1,1,,0000000
800,M,EUR,AUD,80009898,1,1,EURX,0000000
800,M,EUR,AUD,81999898,1,1,,0000000
800,M,EUR,BAM,79819898,1,1,,0000000
800,M,EUR,BAM,81999898,1,1,,0000000
800,M,EUR,BEF,79819898,1,1,,0000000
800,M,EUR,BEF,81999898,1,1,EURO,0000000
800,M,EUR,BGN,79819898,1,1,,0000000
800,M,EUR,BGN,81999898,1,1,,0000000
800,M,EUR,BRL,79819898,1,1,,0000000
800,M,EUR,BRL,81999898,1,1,EURX,0000000
800,M,EUR,CAD,79819898,1,1,,0000000
800,M,EUR,CAD,81999898,1,1,,0000000
800,M,EUR,CHF,79819898,1,1,,0000000
800,M,EUR,CHF,79879898,1,1,EURX,0000000
800,M,EUR,CHF,81999898,1,1,,0000000
800,M,EUR,CLP,79819898,1,1,,0000000
800,M,EUR,CLP,80009898,1,1,EURX,0000000
800,M,EUR,CLP,81999898,1,1,,0000000
800,M,EUR,CNY,79819898,1,1,,0000000
800,M,EUR,CNY,79999898,1,1,,0000000
800,M,EUR,CNY,81999898,1,1,,0000000
800,M,EUR,COP,79819898,1,1000,,0000000
800,M,EUR,COP,80009898,1,1,EURX,0000000
800,M,EUR,COP,81999898,1,1,,0000000
800,M,EUR,CYP,79819898,1,1,,0000000
800,M,EUR,CYP,81999898,1,1,,0000000
800,M,EUR,CZK,79819898,1,1,,0000000
800,M,EUR,CZK,80009898,1,1,EURX,0000000
800,M,EUR,CZK,81999898,1,1,,0000000
800,M,EUR,DEM,79819898,1,1,,0000000
800,M,EUR,DEM,81999898,1,1,EURO,0000000
800,M,EUR,DKK,79819898,1,1,,0000000
800,M,EUR,DKK,81999898,1,1,,0000000
800,M,EUR,ECU,81999898,1,1,EURO,0000000
800,M,EUR,ESP,79819898,1,1,,0000000
800,M,EUR,ESP,81999898,1,1,EURO,0000000
800,M,EUR,EUR,81999898,1,1,,0000000
800,M,EUR,FIM,79819898,1,1,,0000000
800,M,EUR,FIM,81999898,1,1,EURO,0000000
800,M,EUR,FRF,79819898,1,1,,0000000
800,M,EUR,FRF,81999898,1,1,EURO,0000000
800,M,EUR,GBP,79799898,100,1,,0000000
800,M,EUR,GBP,79819898,1,1,,0000000
800,M,EUR,GBP,79879898,1,1,EURX,0000000
800,M,EUR,GBP,81999898,100,1,EURX,0000000
800,M,EUR,GRD,79819898,1,1,,0000000
800,M,EUR,GRD,81999898,1,1,,0000000
800,M,EUR,HKD,79799898,1,1,,0000000
800,M,EUR,HKD,79819898,1,1,,0000000
800,M,EUR,HKD,81999898,1,1,,0000000
800,M,EUR,HRK,79819898,1,1,,0000000
800,M,EUR,HRK,80009898,1,1,EURX,0000000
800,M,EUR,HRK,81999898,1,1,,0000000
800,M,EUR,HUF,79819898,1,1,,0000000
800,M,EUR,HUF,80009898,1,1,EURX,0000000
800,M,EUR,HUF,81999898,1,1,,0000000
800,M,EUR,IDR,79819898,1,1000,,0000000
800,M,EUR,IDR,81999898,1,1000,,0000000
800,M,EUR,IEP,79819898,100,1,,0000000
800,M,EUR,IEP,81999898,100,1,EURO,0000000
800,M,EUR,ILS,79819898,1,1,,0000000
800,M,EUR,ILS,81999898,1,1,,0000000
800,M,EUR,INR,79819898,1,1,,0000000
800,M,EUR,INR,79959771,1,1,,0000000
800,M,EUR,INR,81999898,1,1,,0000000
800,M,EUR,ISK,79819898,1,1,,0000000
800,M,EUR,ISK,81999898,1,1,,0000000
800,M,EUR,ITL,79819898,1,1,,0000000
800,M,EUR,ITL,81999898,1,1,EURO,0000000
800,M,EUR,JPY,79819898,1,1,,0000000
800,M,EUR,JPY,81999898,1,1,EURX,0000000
800,M,EUR,KRW,79799898,1,1,,0000000
800,M,EUR,KRW,79819898,1,1,,0000000
800,M,EUR,KRW,79959771,1,1,,0000000
800,M,EUR,KRW,79959772,1,1,,0000000
800,M,EUR,KRW,79959898,1,1,,0000000
800,M,EUR,KRW,79968794,1,1,,0000000
800,M,EUR,KRW,79968795,1,1,,0000000
800,M,EUR,KRW,79968796,1,1,,0000000
800,M,EUR,KRW,79968797,1,1,,0000000
800,M,EUR,KRW,79968798,1,1,,0000000
800,M,EUR,KRW,79968869,1,1,,0000000
800,M,EUR,KRW,79968870,1,1,,0000000
800,M,EUR,KRW,79968871,1,1,,0000000
800,M,EUR,KRW,79968881,1,1,,0000000
800,M,EUR,KRW,79968898,1,1,,0000000
800,M,EUR,KRW,79968968,1,1,,0000000
800,M,EUR,KRW,80029668,1,1,,0000000
800,M,EUR,KRW,81999898,1,1,,0000000
800,M,EUR,KWD,79879898,1,100,EURX,0000000
800,M,EUR,KZT,79789480,1,1,,0000000
800,M,EUR,KZT,79789481,1,1,,0000000
800,M,EUR,KZT,79789581,1,1,,0000000
800,M,EUR,LUF,79819898,1,1,,0000000
800,M,EUR,LUF,81999898,1,1,EURO,0000000
800,M,EUR,MXN,79819898,1,1,,0000000
800,M,EUR,MXN,81999898,1,1,,0000000
800,M,EUR,MYR,79819898,1,1,,0000000
800,M,EUR,MYR,81999898,1,1,,0000000
800,M,EUR,NLG,79819898,1,1,,0000000
800,M,EUR,NLG,81999898,1,1,EURO,0000000
800,M,EUR,NOK,79819898,1,1,,0000000
800,M,EUR,NOK,80009898,1,1,EURX,0000000
800,M,EUR,NOK,81999898,1,1,,0000000
800,M,EUR,NZD,79819898,1,1,,0000000
800,M,EUR,PEN,79819898,1,1,,0000000
800,M,EUR,PEN,80009898,1,1,EURX,0000000
800,M,EUR,PEN,81999898,1,1,,0000000
800,M,EUR,PHP,79819898,1,1,,0000000
800,M,EUR,PLN,79819898,1,1,,0000000
800,M,EUR,PLN,80009898,1,1,EURX,0000000
800,M,EUR,PLN,81999898,1,1,,0000000
800,M,EUR,PTE,79819898,1,1,,0000000
800,M,EUR,PTE,81999898,1,1,EURO,0000000
800,M,EUR,RMB,79888898,1,1,,0000000
800,M,EUR,ROL,79819898,1,1000,,0000000
800,M,EUR,ROL,80009898,1,1000,EURX,0000000
800,M,EUR,ROL,81999898,1,1000,,0000000
800,M,EUR,RON,79819898,1,1,,0000000
800,M,EUR,RUB,79819898,1,1,,0000000
800,M,EUR,RUB,80009898,1,1,EURX,0000000
800,M,EUR,RUB,81999898,1,1,,0000000
800,M,EUR,RUR,81999898,1,10000,,0000000
800,M,EUR,SAR,79819898,1,1,,0000000
800,M,EUR,SAR,79879898,1,1,EURX,0000000
800,M,EUR,SEK,79819898,1,1,,0000000
800,M,EUR,SEK,80009898,1,1,EURX,0000000
800,M,EUR,SEK,81999898,1,1,,0000000
800,M,EUR,SGD,79799898,1,1,,0000000
800,M,EUR,SGD,79819898,1,1,,0000000
800,M,EUR,SGD,81999898,1,1,,0000000
800,M,EUR,SIT,79819898,1,1,,0000000
800,M,EUR,SIT,80009898,1,1,EURX,0000000
800,M,EUR,SIT,81999898,1,1,,0000000
800,M,EUR,SKK,79819898,1,1,,0000000
800,M,EUR,SKK,80009898,1,1,EURX,0000000
800,M,EUR,SKK,81999898,1,1,,0000000
800,M,EUR,THB,79819898,1,1,,0000000
800,M,EUR,THB,79879898,1,1,EURX,0000000
800,M,EUR,TRL,79819898,1,100000,,0000000
800,M,EUR,TWD,79799898,1,1,,0000000
800,M,EUR,TWD,79879898,1,1,EURX,0000000
800,M,EUR,UNI,79969898,1,1,,0000000
800,M,EUR,UNI,81999898,1,1,,0000000
800,M,EUR,USD,79799898,1,1,,0000000
800,M,EUR,USD,79819898,1,1,,0000000
800,M,EUR,USD,81999898,1,1,EURX,0000000
800,M,EUR,USD5,81999898,1,1,EURX,0000000
800,M,EUR,VEB,79819898,1,1,,0000000
800,M,EUR,VEB,80009898,1,1,EURX,0000000
800,M,EUR,VEB,81999898,1,1,,0000000
800,M,EUR,XOF,79819898,1,1,,0000000
800,M,EUR,ZAR,79819898,1,1,,0000000
800,M,EUR,ZAR,81999898,1,1,,0000000
800,M,FIM,ATS,80009898,1,1,EURO,0000000
800,M,FIM,ATS,81999898,1,1,,0000000
800,M,FIM,BEF,80009898,1,1,EURO,0000000
800,M,FIM,BEF,81999898,1,1,,0000000
800,M,FIM,CHF,81999898,1,1,,0000000
800,M,FIM,DEM,80009898,1,1,EURO,0000000
800,M,FIM,DEM,81999898,1,1,,0000000
800,M,FIM,DKK,81999898,1,1,,0000000
800,M,FIM,ESP,80009898,1,1,EURO,0000000
800,M,FIM,ESP,81999898,1,1,,0000000
800,M,FIM,EUR,81999898,100,1,EURO,0000000
800,M,FIM,FIM,81999898,1,1,,0000000
800,M,FIM,FRF,80009898,1,1,EURO,0000000
800,M,FIM,FRF,81999898,1,1,,0000000
800,M,FIM,GBP,81999898,1,1,,0000000
800,M,FIM,IEP,80009898,1,1,EURO,0000000
800,M,FIM,IEP,81999898,1,1,,0000000
800,M,FIM,ITL,80009898,1,1,EURO,0000000
800,M,FIM,ITL,81999898,1,1,,0000000
800,M,FIM,LUF,80009898,1,1,EURO,0000000
800,M,FIM,LUF,81999898,1,1,,0000000
800,M,FIM,NLG,80009898,1,1,EURO,0000000
800,M,FIM,NLG,81999898,1,1,,0000000
800,M,FIM,PTE,80009898,1,1,EURO,0000000
800,M,FIM,PTE,81999898,1,1,,0000000
800,M,FIM,SEK,81999898,1,1,,0000000
800,M,FIM,USD,81999898,1,1,,0000000
800,M,FRF,ATS,80009898,1,1,EURO,0000000
800,M,FRF,ATS,81999898,1,1,,0000000
800,M,FRF,BEF,80009898,1,1,EURO,0000000
800,M,FRF,BEF,81999898,1,1,,0000000
800,M,FRF,CHF,81999898,1,1,,0000000
800,M,FRF,DEM,80009898,1,1,EURO,0000000
800,M,FRF,DEM,81999898,1,1,,0000000
800,M,FRF,DKK,81999898,1,1,,0000000
800,M,FRF,ESP,80009898,1,1,EURO,0000000
800,M,FRF,ESP,81999898,1,1,,0000000
800,M,FRF,EUR,81999898,1,1,EURO,0000000
800,M,FRF,FIM,80009898,1,1,EURO,0000000
800,M,FRF,FIM,81999898,1,1,,0000000
800,M,FRF,FRF,81999898,1,1,,0000000
800,M,FRF,GBP,81999898,1,1,,0000000
800,M,FRF,IEP,80009898,1,1,EURO,0000000
800,M,FRF,IEP,81999898,1,1,,0000000
800,M,FRF,ITL,80009898,1,1,EURO,0000000
800,M,FRF,ITL,81999898,1,1,,0000000
800,M,FRF,LUF,80009898,1,1,EURO,0000000
800,M,FRF,LUF,81999898,1,1,,0000000
800,M,FRF,NLG,80009898,1,1,EURO,0000000
800,M,FRF,NLG,81999898,1,1,,0000000
800,M,FRF,PTE,80009898,1,1,EURO,0000000
800,M,FRF,PTE,81999898,1,1,,0000000
800,M,FRF,SEK,81999898,1,1,,0000000
800,M,FRF,USD,81999898,100,1,,0000000
800,M,GBP,ATS,79819898,1,1,,0000000
800,M,GBP,ATS,80009898,1,1,EURX,0000000
800,M,GBP,ATS,81999898,1,1,,0000000
800,M,GBP,AUD,79819898,1,1,,0000000
800,M,GBP,AUD,81999898,1,100,,0000000
800,M,GBP,BEF,79819898,1,1,,0000000
800,M,GBP,BEF,80009898,1,1,EURX,0000000
800,M,GBP,BEF,81999898,1,1,,0000000
800,M,GBP,CAD,79819898,1,1,,0000000
800,M,GBP,CAD,81999898,1,1,,0000000
800,M,GBP,CHF,79819898,1,1,,0000000
800,M,GBP,CHF,81999898,1,1,,0000000
800,M,GBP,DEM,79819898,1,1,,0000000
800,M,GBP,DEM,80009898,1,1,EURX,0000000
800,M,GBP,DEM,81999898,1,1,,0000000
800,M,GBP,DKK,79819898,1,1,,0000000
800,M,GBP,DKK,81999898,1,1,,0000000
800,M,GBP,ECU,80009898,1,1,EURX,0000000
800,M,GBP,ECU,81999898,1,1,,0000000
800,M,GBP,ESP,79819898,1,1,,0000000
800,M,GBP,ESP,80009898,1,1,EURX,0000000
800,M,GBP,ESP,81999898,1,1,,0000000
800,M,GBP,EUR,79819898,1,1,,0000000
800,M,GBP,EUR,79879898,1,1,EURX,0000000
800,M,GBP,EUR,81999898,100,1,EURX,0000000
800,M,GBP,FIM,79819898,1,1,,0000000
800,M,GBP,FIM,80009898,1,1,EURX,0000000
800,M,GBP,FIM,81999898,1,1,,0000000
800,M,GBP,FRF,79819898,1,1,,0000000
800,M,GBP,FRF,80009898,1,1,EURX,0000000
800,M,GBP,FRF,81999898,1,1,,0000000
800,M,GBP,GBP,81999898,1,1,,0000000
800,M,GBP,GRD,79819898,1,1,,0000000
800,M,GBP,HUF,79819898,1,1,,0000000
800,M,GBP,IEP,79819898,1,1,,0000000
800,M,GBP,IEP,80009898,1,1,EURX,0000000
800,M,GBP,IEP,81999898,1,1,,0000000
800,M,GBP,ITL,79819898,1,1,,0000000
800,M,GBP,ITL,80009898,1,1,EURX,0000000
800,M,GBP,ITL,81999898,1,1,,0000000
800,M,GBP,JPY,79819898,1,1,,0000000
800,M,GBP,KRW,79959689,1,1,,0000000
800,M,GBP,KRW,79959698,1,1,,0000000
800,M,GBP,LUF,79819898,1,1,,0000000
800,M,GBP,LUF,80009898,1,1,EURX,0000000
800,M,GBP,LUF,81999898,1,1,,0000000
800,M,GBP,NLG,79819898,1,1,,0000000
800,M,GBP,NLG,80009898,1,1,EURX,0000000
800,M,GBP,NLG,81999898,1,1,,0000000
800,M,GBP,NOK,79819898,1,1,,0000000
800,M,GBP,PLN,79819898,1,1,,0000000
800,M,GBP,PTE,79819898,1,1,,0000000
800,M,GBP,PTE,80009898,1,1,EURX,0000000
800,M,GBP,PTE,81999898,1,1,,0000000
800,M,GBP,SEK,79819898,1,1,,0000000
800,M,GBP,SEK,81999898,1,1,,0000000
800,M,GBP,USD,79819898,1,1,,0000000
800,M,GBP,USD,81999898,1,1,,0000000
800,M,GBP,USD5,81999898,1,1,,0000000
800,M,GBP,XOF,79819898,1,1,,0000000
800,M,GBP,ZAR,79819898,1,1,,0000000
800,M,GBP,ZAR,81999898,1,1,,0000000
800,M,HKD,EUR,79799898,1,1,,0000000
800,M,HRK,DEM,80009898,100,1,EURX,0000000
800,M,HRK,DEM,81999898,100,1,,0000000
800,M,HRK,EUR,80009898,1,1,EURX,0000000
800,M,HRK,EUR,81999898,1,1,,0000000
800,M,HRK,JPY,81999898,1,1,,0000000
800,M,HRK,USD,81999898,1,1,,0000000
800,M,HUF,DEM,80009898,100,1,EURX,0000000
800,M,HUF,DEM,81999898,100,1,,0000000
800,M,HUF,EUR,80009898,1,1,EURX,0000000
800,M,HUF,EUR,81999898,1,1,,0000000
800,M,HUF,JPY,81999898,100,1,,0000000
800,M,HUF,USD,81999898,1,1,,0000000
800,M,IDR,EUR,79959898,10000,1,,0000000
800,M,IDR,USD,79939891,10000,1,,0000000
800,M,IDX,EUR,79869898,1,1,,0000000
800,M,IDX,GBP,79869898,1,1,,0000000
800,M,IDX,USD,79869898,1,1,,0000000
800,M,IEP,ATS,80009898,1,1,EURO,0000000
800,M,IEP,ATS,81999898,1,1,,0000000
800,M,IEP,BEF,80009898,1,1,EURO,0000000
800,M,IEP,BEF,81999898,1,1,,0000000
800,M,IEP,CHF,81999898,1,1,,0000000
800,M,IEP,DEM,80009898,1,1,EURO,0000000
800,M,IEP,DEM,81999898,1,1,,0000000
800,M,IEP,DKK,81999898,1,1,,0000000
800,M,IEP,ESP,80009898,1,1,EURO,0000000
800,M,IEP,ESP,81999898,1,1,,0000000
800,M,IEP,EUR,81999898,100,1,EURO,0000000
800,M,IEP,FIM,80009898,1,1,EURO,0000000
800,M,IEP,FIM,81999898,1,1,,0000000
800,M,IEP,FRF,80009898,1,1,EURO,0000000
800,M,IEP,FRF,81999898,1,1,,0000000
800,M,IEP,GBP,81999898,1,1,,0000000
800,M,IEP,IEP,81999898,1,1,,0000000
800,M,IEP,ITL,80009898,1,1,EURO,0000000
800,M,IEP,ITL,81999898,1,1,,0000000
800,M,IEP,LUF,80009898,1,1,EURO,0000000
800,M,IEP,LUF,81999898,1,1,,0000000
800,M,IEP,NLG,80009898,1,1,EURO,0000000
800,M,IEP,NLG,81999898,1,1,,0000000
800,M,IEP,PTE,80009898,1,1,EURO,0000000
800,M,IEP,PTE,81999898,1,1,,0000000
800,M,IEP,SEK,81999898,1,1,,0000000
800,M,IEP,USD,81999898,1,1,,0000000
800,M,IGPM,BRL,81999898,1,1,,0000000
800,M,INR,CAD,79819898,1,1,,0000000
800,M,INR,DEM,79819898,100,1,,0000000
800,M,INR,EUR,79819898,1,1,,0000000
800,M,INR,EUR,79999898,1,1,,0000000
800,M,INR,GBP,79809898,1,1,,0000000
800,M,INR,GBP,79819898,1,1,,0000000
800,M,INR,HUF,79819898,1,1,,0000000
800,M,INR,JPY,79819898,1,1,,0000000
800,M,INR,PLN,79819898,100,1,,0000000
800,M,INR,USD,79799598,1,1,,0000000
800,M,INR,USD,79819898,1,1,,0000000
800,M,INR,USD,79859898,1,1,,0000000
800,M,INR,ZAR,79819898,1,1,,0000000
800,M,ITL,ATS,80009898,1000,1,EURO,0000000
800,M,ITL,ATS,81999898,1000,1,,0000000
800,M,ITL,AUD,81999898,1000,1,,0000000
800,M,ITL,BEF,80009898,1000,1,EURO,0000000
800,M,ITL,BEF,81999898,1000,1,,0000000
800,M,ITL,CAD,81999898,1000,1,,0000000
800,M,ITL,CHF,81999898,1000,1,,0000000
800,M,ITL,DEM,80009898,1000,1,EURO,0000000
800,M,ITL,DEM,81999898,1000,1,,0000000
800,M,ITL,DKK,81999898,1000,1,,0000000
800,M,ITL,ECU,81999898,1000,1,,0000000
800,M,ITL,ESP,80009898,1000,1,EURO,0000000
800,M,ITL,ESP,81999898,1000,1,,0000000
800,M,ITL,EUR,81999898,10000,1,EURO,0000000
800,M,ITL,FIM,80009898,1000,1,EURO,0000000
800,M,ITL,FIM,81999898,1000,1,,0000000
800,M,ITL,FRF,80009898,1000,1,EURO,0000000
800,M,ITL,FRF,81999898,1000,1,,0000000
800,M,ITL,GBP,81999898,10000,1,,0000000
800,M,ITL,IEP,80009898,10000,1,EURO,0000000
800,M,ITL,IEP,81999898,10000,1,,0000000
800,M,ITL,ITL,81999898,1,1,,0000000
800,M,ITL,LUF,80009898,1000,1,EURO,0000000
800,M,ITL,LUF,81999898,1000,1,,0000000
800,M,ITL,NLG,80009898,1000,1,EURO,0000000
800,M,ITL,NLG,81999898,1000,1,,0000000
800,M,ITL,PTE,80009898,1,1,EURO,0000000
800,M,ITL,PTE,81999898,1,1,,0000000
800,M,ITL,SEK,81999898,1000,1,,0000000
800,M,ITL,USD,81999898,1000,1,,0000000
800,M,JPY,ARS,81999898,100,1,,0000000
800,M,JPY,BRL,81999898,100,1,,0000000
800,M,JPY,CLP,81999898,100,1,,0000000
800,M,JPY,COP,81999898,100,1,,0000000
800,M,JPY,CZK,81999898,100,1,,0000000
800,M,JPY,DEM,80009898,100,1,EURX,0000000
800,M,JPY,DEM,81999898,100,1,,0000000
800,M,JPY,EUR,81999898,100,1,EURX,0000000
800,M,JPY,HRK,81999898,100,1,,0000000
800,M,JPY,HUF,81999898,100,1,,0000000
800,M,JPY,JPY,81999898,1,1,,0000000
800,M,JPY,KRW,80009898,1,1,,0000000
800,M,JPY,MXN,80009898,1,1,,0000000
800,M,JPY,PEN,81999898,100,1,,0000000
800,M,JPY,PLN,81999898,100,1,,0000000
800,M,JPY,ROL,81999898,1,1,,0000000
800,M,JPY,RUB,81999898,100,1,,0000000
800,M,JPY,SIT,81999898,100,1,,0000000
800,M,JPY,SKK,81999898,100,1,,0000000
800,M,JPY,USD,80009898,100,1,EURX,0000000
800,M,JPY,USD,81999898,100,1,,0000000
800,M,JPY,VEB,81999898,100,1,,0000000
800,M,KRW,TWD,79919898,1,1,,0000000
800,M,KRW,USD,80009898,1,1,,0000000
800,M,KRW,USD,81999898,1,1,,0000000
800,M,KWD,DEM,81999898,1,1,,0000000
800,M,KWD,EUR,79879898,1,1,EURX,0000000
800,M,KWD,EUR,81999898,1,1,,0000000
800,M,LUF,ATS,80009898,100,1,EURO,0000000
800,M,LUF,ATS,81999898,100,1,,0000000
800,M,LUF,BEF,80009898,100,1,EURO,0000000
800,M,LUF,BEF,81999898,100,1,,0000000
800,M,LUF,CHF,81999898,100,1,,0000000
800,M,LUF,DEM,80009898,100,1,EURO,0000000
800,M,LUF,DEM,81999898,100,1,,0000000
800,M,LUF,DKK,81999898,100,1,,0000000
800,M,LUF,ESP,80009898,1,1,EURO,0000000
800,M,LUF,ESP,81999898,1,1,,0000000
800,M,LUF,EUR,81999898,1000,1,EURO,0000000
800,M,LUF,FIM,80009898,100,1,EURO,0000000
800,M,LUF,FIM,81999898,100,1,,0000000
800,M,LUF,FRF,80009898,100,1,EURO,0000000
800,M,LUF,FRF,81999898,100,1,,0000000
800,M,LUF,GBP,81999898,100,1,,0000000
800,M,LUF,IEP,80009898,100,1,EURO,0000000
800,M,LUF,IEP,81999898,100,1,,0000000
800,M,LUF,ITL,80009898,1,1,EURO,0000000
800,M,LUF,ITL,81999898,1,1,,0000000
800,M,LUF,LUF,81999898,1,1,,0000000
800,M,LUF,NLG,80009898,100,1,EURO,0000000
800,M,LUF,NLG,81999898,100,1,,0000000
800,M,LUF,PTE,80009898,1,1,EURO,0000000
800,M,LUF,PTE,81999898,1,1,,0000000
800,M,LUF,SEK,81999898,100,1,,0000000
800,M,LUF,USD,81999898,100,1,,0000000
800,M,MXN,ARS,81999898,100,1,,0000000
800,M,MXN,BRL,81999898,100,1,,0000000
800,M,MXN,CAD,81999898,100,1,,0000000
800,M,MXN,CLP,81999898,1,1,,0000000
800,M,MXN,DEM,80009898,100,1,EURX,0000000
800,M,MXN,DEM,81999898,100,1,,0000000
800,M,MXN,EUR,81999898,1,1,,0000000
800,M,MXN,MXN,81999898,1,1,,0000000
800,M,MXN,PEN,81999898,100,1,,0000000
800,M,MXN,USD,81999898,1,1,,0000000
800,M,MYR,EUR,81999898,1,1,,0000000
800,M,MYR,GBP,79799898,1,1,,0000000
800,M,MYR,USD,79839898,1,1,,0000000
800,M,NLG,ATS,80009898,1,1,EURO,0000000
800,M,NLG,ATS,81999898,1,1,,0000000
800,M,NLG,BEF,80009898,1,1,EURO,0000000
800,M,NLG,BEF,81999898,1,1,,0000000
800,M,NLG,CHF,81999898,1,1,,0000000
800,M,NLG,DEM,80009898,1,1,EURO,0000000
800,M,NLG,DEM,81999898,1,1,,0000000
800,M,NLG,DKK,81999898,1,1,,0000000
800,M,NLG,ESP,80009898,1,1,EURO,0000000
800,M,NLG,ESP,81999898,1,1,,0000000
800,M,NLG,EUR,81999898,100,1,EURO,0000000
800,M,NLG,FIM,80009898,1,1,EURO,0000000
800,M,NLG,FIM,81999898,1,1,,0000000
800,M,NLG,FRF,80009898,1,1,EURO,0000000
800,M,NLG,FRF,81999898,1,1,,0000000
800,M,NLG,GBP,81999898,1,1,,0000000
800,M,NLG,IEP,80009898,1,1,EURO,0000000
800,M,NLG,IEP,81999898,1,1,,0000000
800,M,NLG,ITL,80009898,1,1,EURO,0000000
800,M,NLG,ITL,81999898,1,1,,0000000
800,M,NLG,LUF,80009898,1,1,EURO,0000000
800,M,NLG,LUF,81999898,1,1,,0000000
800,M,NLG,NLG,81999898,1,1,,0000000
800,M,NLG,PTE,80009898,1,1,EURO,0000000
800,M,NLG,PTE,81999898,1,1,,0000000
800,M,NLG,SEK,81999898,1,1,,0000000
800,M,NLG,USD,81999898,1,1,,0000000
800,M,NOK,DEM,81999898,1,1,,0000000
800,M,NOK,DKK,79909898,1,1,,0000000
800,M,NOK,EUR,80009898,1,1,EURX,0000000
800,M,NOK,EUR,81999898,1,1,,0000000
800,M,NOK,NOK,81999898,1,1,,0000000
800,M,NUC,CAD,80999898,1,1,,0000000
800,M,NUC,EUR,81999898,1,1,,0000000
800,M,NZD,ATS,81999898,1,1,,0000000
800,M,NZD,AUD,81999898,1,1,,0000000
800,M,NZD,BEF,81999898,1,1,,0000000
800,M,NZD,CAD,81999898,100,1,,0000000
800,M,NZD,DEM,81999898,1,1,,0000000
800,M,NZD,ECU,81999898,1,1,,0000000
800,M,NZD,ESP,81999898,1,1,,0000000
800,M,NZD,EUR,80009898,1,1,EURX,0000000
800,M,NZD,EUR,81999898,1,1,,0000000
800,M,NZD,FRF,81999898,1,1,,0000000
800,M,NZD,GBP,81999898,1,1,,0000000
800,M,NZD,ITL,81999898,1,10,,0000000
800,M,NZD,JPY,81999898,1,1,,0000000
800,M,NZD,PTE,81999898,1,1,,0000000
800,M,NZD,SGD,81999898,1,1,,0000000
800,M,NZD,USD,81999898,1,1,,0000000
800,M,PEN,ARS,81999898,1,1,,0000000
800,M,PEN,BRL,81999898,1,1,,0000000
800,M,PEN,CAD,81999898,1,1,,0000000
800,M,PEN,CLP,81999898,1,1,,0000000
800,M,PEN,COP,81999898,1,1,,0000000
800,M,PEN,DEM,80009898,100,1,EURX,0000000
800,M,PEN,DEM,81999898,100,1,,0000000
800,M,PEN,EUR,80009898,1,1,EURX,0000000
800,M,PEN,EUR,81999898,1,1,,0000000
800,M,PEN,JPY,81999898,1,1,,0000000
800,M,PEN,MXN,81999898,1,1,,0000000
800,M,PEN,USD,81999898,1,1,,0000000
800,M,PEN,VEB,81999898,1,1,,0000000
800,M,PKT,DEM,80009898,1,1,EURO,0000000
800,M,PKT,DEM,81999898,1,1,,0000000
800,M,PKT,EUR,80009898,1,1,EURO,0000000
800,M,PKT,USD,80009898,1,1,EURX,0000000
800,M,PLN,DEM,80009898,100,1,EURX,0000000
800,M,PLN,DEM,81999898,100,1,,0000000
800,M,PLN,EUR,80009898,1,1,EURX,0000000
800,M,PLN,EUR,81999898,1,1,,0000000
800,M,PLN,JPY,81999898,1,1,,0000000
800,M,PLN,USD,81999898,1,1,,0000000
800,M,PTE,ATS,80009898,100,1,EURO,0000000
800,M,PTE,ATS,81999898,100,1,,0000000
800,M,PTE,AUD,81999898,1,1,,0000000
800,M,PTE,BEF,80009898,100,1,EURO,0000000
800,M,PTE,BEF,81999898,100,1,,0000000
800,M,PTE,CAD,81999898,100,1,,0000000
800,M,PTE,CHF,81999898,100,1,,0000000
800,M,PTE,DEM,80009898,100,1,EURO,0000000
800,M,PTE,DEM,80019898,100,1,,0000000
800,M,PTE,DEM,81999898,100,1,,0000000
800,M,PTE,DKK,81999898,100,1,,0000000
800,M,PTE,ECU,81999898,100,1,,0000000
800,M,PTE,ESP,80009898,1,1,EURO,0000000
800,M,PTE,ESP,81999898,1,1,,0000000
800,M,PTE,EUR,81999898,1000,1,EURO,0000000
800,M,PTE,FIM,80009898,100,1,EURO,0000000
800,M,PTE,FIM,81999898,100,1,,0000000
800,M,PTE,FRF,80009898,100,1,EURO,0000000
800,M,PTE,FRF,81999898,100,1,,0000000
800,M,PTE,GBP,81999898,100,1,,0000000
800,M,PTE,IEP,80009898,100,1,EURO,0000000
800,M,PTE,IEP,81999898,100,1,,0000000
800,M,PTE,ITL,80009898,1,10,EURO,0000000
800,M,PTE,ITL,81999898,1,10,,0000000
800,M,PTE,LUF,80009898,100,1,EURO,0000000
800,M,PTE,LUF,81999898,100,1,,0000000
800,M,PTE,NLG,80009898,100,1,EURO,0000000
800,M,PTE,NLG,81999898,100,1,,0000000
800,M,PTE,PTE,81999898,1,1,,0000000
800,M,PTE,SEK,81999898,100,1,,0000000
800,M,PTE,USD,81999898,100,1,,0000000
800,M,ROL,DEM,80009898,10000,1,EURX,0000000
800,M,ROL,DEM,81999898,10000,1,,0000000
800,M,ROL,EUR,80009898,1000,1,EURX,0000000
800,M,ROL,EUR,81999898,1000,1,,0000000
800,M,ROL,JPY,81999898,100,1,,0000000
800,M,ROL,USD,81999898,1000,1,,0000000
800,M,RUB,DEM,80009898,100,1,EURX,0000000
800,M,RUB,DEM,81999898,100,1,,0000000
800,M,RUB,EUR,80009898,1,1,EURX,0000000
800,M,RUB,EUR,81999898,1,1,,0000000
800,M,RUB,JPY,81999898,1,1,,0000000
800,M,RUB,RUB,81999898,1,1,,0000000
800,M,RUB,USD,81999898,1,1,,0000000
800,M,RUR,ATS,81999898,1,1,,0000000
800,M,RUR,AUD,81999898,1,1,,0000000
800,M,RUR,BEF,81999898,1,1,,0000000
800,M,RUR,CAD,81999898,1,1,,0000000
800,M,RUR,CHF,81999898,1,1,,0000000
800,M,RUR,CZK,81999898,1,1,,0000000
800,M,RUR,DEM,81999898,1,1,,0000000
800,M,RUR,EUR,81999898,1,1,,0000000
800,M,RUR,RUR,81999898,1,1,,0000000
800,M,RUR,UAK,81999898,1,1,,0000000
800,M,RUR,USD,81999898,1,1,,0000000
800,M,SAR,EUR,80008798,1,1,,0000000
800,M,SAR,EUR,80009898,1,1,,0000000
800,M,SAR,USD,80008798,1,1,,0000000
800,M,SEK,ATS,81999898,1,1,,0000000
800,M,SEK,BEF,81999898,1,1,,0000000
800,M,SEK,CHF,81999898,1,1,,0000000
800,M,SEK,DEM,81999898,1,1,,0000000
800,M,SEK,DKK,81999898,1,1,,0000000
800,M,SEK,ESP,81999898,1,1,,0000000
800,M,SEK,EUR,80009898,1,1,EURX,0000000
800,M,SEK,EUR,81999898,1,1,,0000000
800,M,SEK,FIM,81999898,1,1,,0000000
800,M,SEK,FRF,81999898,1,1,,0000000
800,M,SEK,GBP,81999898,1,1,,0000000
800,M,SEK,IEP,81999898,1,1,,0000000
800,M,SEK,ITL,81999898,1,1,,0000000
800,M,SEK,NLG,81999898,1,1,,0000000
800,M,SEK,PTE,81999898,1,1,,0000000
800,M,SEK,SEK,81999898,1,1,,0000000
800,M,SEK,USD,81999898,1,1,,0000000
800,M,SGD,ATS,81999898,1,1,,0000000
800,M,SGD,BEF,81999898,1,1,,0000000
800,M,SGD,CAD,81999898,1,1,,0000000
800,M,SGD,DEM,81999898,1,1,,0000000
800,M,SGD,ESP,81999898,1,1,,0000000
800,M,SGD,EUR,81999898,1,1,,0000000
800,M,SGD,FFR,81999898,1,1,,0000000
800,M,SGD,FRF,81999898,1,1,,0000000
800,M,SGD,GBP,81999898,1,1,,0000000
800,M,SGD,JPY,81999898,1,1,,0000000
800,M,SGD,USD,81999898,1,1,,0000000
800,M,SIT,DEM,80009898,100,1,EURX,0000000
800,M,SIT,DEM,81999898,100,1,,0000000
800,M,SIT,EUR,80009898,1,1,EURX,0000000
800,M,SIT,EUR,81999898,1,1,,0000000
800,M,SIT,JPY,81999898,100,1,,0000000
800,M,SIT,USD,81999898,1,1,,0000000
800,M,SKK,CZK,81999898,1,1,,0000000
800,M,SKK,DEM,80009898,100,1,EURX,0000000
800,M,SKK,DEM,81999898,100,1,,0000000
800,M,SKK,EUR,80009898,1,1,EURX,0000000
800,M,SKK,EUR,81999898,1,1,,0000000
800,M,SKK,JPY,81999898,1,1,,0000000
800,M,SKK,USD,81999898,1,1,,0000000
800,M,TJLP,BRL,80999898,1,100,,0000000
800,M,TWD,EUR,79959898,100,1,,0000000
800,M,TWD,USD,79939891,1,1,,0000000
800,M,UNI,CAD,81999898,1,1,,0000000
800,M,UNI,EUR,81999898,1,1,,0000000
800,M,UNI,KRW,80019898,1,1,,0000000
800,M,UNI,UNI,81999898,1,1,,0000000
800,M,UNI,USD,81999898,1,1,,0000000
800,M,USD,AED,79819898,1,1,,0000000
800,M,USD,AFN,80009898,1,1,,0000000
800,M,USD,ALL,79819898,1,1,,0000000
800,M,USD,ANG,79819898,1,1,,0000000
800,M,USD,AOA,79819898,1,1,,0000000
800,M,USD,ARS,79819898,1,1,,0000000
800,M,USD,ARS,81999898,1,1,,0000000
800,M,USD,ATS,79819898,1,1,,0000000
800,M,USD,ATS,81999898,1,1,,0000000
800,M,USD,AUD,79819898,1,1,,0000000
800,M,USD,AUD,81999898,1,1,,0000000
800,M,USD,BAM,79819898,1,1,,0000000
800,M,USD,BBD,79819898,1,1,,0000000
800,M,USD,BDT,79819898,1,1,,0000000
800,M,USD,BEF,79819898,1,1,,0000000
800,M,USD,BEF,80009898,1,1,EURX,0000000
800,M,USD,BEF,81999898,1,1,,0000000
800,M,USD,BGN,79819898,1,1,,0000000
800,M,USD,BHD,79819898,1,1,,0000000
800,M,USD,BIF,79819898,1,1000,,0000000
800,M,USD,BMD,79819898,1,1,,0000000
800,M,USD,BND,79819898,1,1,,0000000
800,M,USD,BOB,79819898,1,1,,0000000
800,M,USD,BRL,79819898,1,1,,0000000
800,M,USD,BRL,81999898,1,1,,0000000
800,M,USD,BSD,79819898,1,1,,0000000
800,M,USD,BWP,79819898,1,1,,0000000
800,M,USD,BYR,79819898,1,1000,,0000000
800,M,USD,BZD,79819898,1,1,,0000000
800,M,USD,CAD,79819898,1,1,,0000000
800,M,USD,CAD,81999898,1,1,,0000000
800,M,USD,CHF,79819898,1,1,,0000000
800,M,USD,CHF,81999898,1,1,,0000000
800,M,USD,CLP,79819898,1,1,,0000000
800,M,USD,CLP,81999898,1,1,,0000000
800,M,USD,CNY,79819898,1,1,,0000000
800,M,USD,CNY,79888898,1,1,,0000000
800,M,USD,COP,79819898,1,1000,,0000000
800,M,USD,COP,81999898,1,1,,0000000
800,M,USD,CRC,79819898,1,1,,0000000
800,M,USD,CYP,79819898,1,1,,0000000
800,M,USD,CZK,79819898,1,1,,0000000
800,M,USD,CZK,81999898,1,1,,0000000
800,M,USD,DEM,79819898,1,1,,0000000
800,M,USD,DEM,80009898,1,1,EURX,0000000
800,M,USD,DEM,81999898,1,1,,0000000
800,M,USD,DJF,79819898,1,1,,0000000
800,M,USD,DKK,79819898,1,1,,0000000
800,M,USD,DKK,81999898,1,1,,0000000
800,M,USD,DOP,79819898,1,1,,0000000
800,M,USD,DZD,79819898,1,1,,0000000
800,M,USD,ECU,80009898,1,1,EURX,0000000
800,M,USD,ECU,81999898,1,1,,0000000
800,M,USD,EEK,79819898,1,1,,0000000
800,M,USD,EGP,79819898,1,1,,0000000
800,M,USD,ERN,79819898,1,1,,0000000
800,M,USD,ESP,79819898,1,1,,0000000
800,M,USD,ESP,80009898,1,1,EURX,0000000
800,M,USD,ESP,81999898,1,1,,0000000
800,M,USD,ETB,79819898,1,1,,0000000
800,M,USD,EUR,79819898,1,1,,0000000
800,M,USD,EUR,81999898,1,1,,0000000
800,M,USD,FIM,79819898,1,1,,0000000
800,M,USD,FIM,80009898,1,1,,0000000
800,M,USD,FIM,81999898,1,1,,0000000
800,M,USD,FJD,79819898,1,1,,0000000
800,M,USD,FRF,79819898,1,1,,0000000
800,M,USD,FRF,80009898,1,1,,0000000
800,M,USD,FRF,81999898,1,1,,0000000
800,M,USD,GBP,79819898,1,1,,0000000
800,M,USD,GBP,81999898,1,1,,0000000
800,M,USD,GEL,79819898,1,1,,0000000
800,M,USD,GHC,79819898,1,1,,0000000
800,M,USD,GMD,79819898,1,1,,0000000
800,M,USD,GRD,79819898,1,1,,0000000
800,M,USD,GTQ,79819898,1,1,,0000000
800,M,USD,GYD,79819182,1,1,,0000000
800,M,USD,GYD,79819898,1,1,,0000000
800,M,USD,HKD,79819898,1,1,,0000000
800,M,USD,HNL,79819898,1,1,,0000000
800,M,USD,HRK,79819898,1,1,,0000000
800,M,USD,HRK,81999898,1,1,,0000000
800,M,USD,HTG,79819898,1,1,,0000000
800,M,USD,HUF,79819898,1,1,,0000000
800,M,USD,HUF,81999898,1,1,,0000000
800,M,USD,IDR,79799898,1,10000,,0000000
800,M,USD,IDR,79819898,1,1000,,0000000
800,M,USD,IEP,79819898,1,1,,0000000
800,M,USD,IEP,80009898,1,1,,0000000
800,M,USD,IEP,81999898,1,1,,0000000
800,M,USD,ILS,79819898,1,1,,0000000
800,M,USD,INR,79799598,1,1,,0000000
800,M,USD,INR,79809895,1,1,,0000000
800,M,USD,INR,79819898,1,1,,0000000
800,M,USD,INR,80999898,1,1,,0000000
800,M,USD,IQD,79819898,1,1000,,0000000
800,M,USD,IRR,79819898,1,1000,,0000000
800,M,USD,ISK,79819898,1,1,,0000000
800,M,USD,ITL,79819898,1,1,,0000000
800,M,USD,ITL,80009898,1,1,,0000000
800,M,USD,ITL,81999898,1,1,,0000000
800,M,USD,JMD,79819898,1,1,,0000000
800,M,USD,JOD,79819898,1,1,,0000000
800,M,USD,JPY,79819898,1,1,,0000000
800,M,USD,JPY,80009898,1,1,,0000000
800,M,USD,JPY,81999898,1,1,,0000000
800,M,USD,KES,79819898,1,1,,0000000
800,M,USD,KGS,79819898,1,1,,0000000
800,M,USD,KRW,79819898,1,1000,,0000000
800,M,USD,KRW,79959569,1,1,,0000000
800,M,USD,KRW,79959574,1,1,,0000000
800,M,USD,KRW,79959874,1,1,,0000000
800,M,USD,KRW,79959889,1,1,,0000000
800,M,USD,KRW,79968789,1,1,,0000000
800,M,USD,KRW,79968869,1,1,,0000000
800,M,USD,KRW,79969069,1,1,,0000000
800,M,USD,KRW,79969298,1,1,,0000000
800,M,USD,KRW,80009688,1,1,,0000000
800,M,USD,KRW,80019898,1,1,,0000000
800,M,USD,KWD,79819898,1,1,,0000000
800,M,USD,KZT,79819898,1,1,,0000000
800,M,USD,LAK,79819898,1,1000,,0000000
800,M,USD,LKR,79819898,1,1,,0000000
800,M,USD,LTL,79819898,1,1,,0000000
800,M,USD,LUF,79819898,1,1,,0000000
800,M,USD,LUF,80009898,1,1,EURX,0000000
800,M,USD,LUF,81999898,1,1,,0000000
800,M,USD,LVL,79819898,1,1,,0000000
800,M,USD,LYD,79819898,1,1,,0000000
800,M,USD,MAD,79819898,1,1,,0000000
800,M,USD,MXN,81999898,1,1,,0000000
800,M,USD,NLG,80009898,1,1,EURX,0000000
800,M,USD,NLG,81999898,1,1,,0000000
800,M,USD,PAB,79819898,1,1,,0000000
800,M,USD,PEN,79819898,1,1,,0000000
800,M,USD,PEN,81999898,1,1,,0000000
800,M,USD,PGK,79819898,1,1,,0000000
800,M,USD,PHP,79819898,1,1,,0000000
800,M,USD,PKR,79819898,1,1,,0000000
800,M,USD,PKT,81999898,1,1,,0000000
800,M,USD,PLN,79819898,1,1,,0000000
800,M,USD,PLN,81999898,1,1,,0000000
800,M,USD,PTE,79819898,1,1,,0000000
800,M,USD,PTE,80009898,1,1,EURX,0000000
800,M,USD,PTE,81999898,1,1,,0000000
800,M,USD,PYG,79819898,1,1000,,0000000
800,M,USD,QAR,79819898,1,1,,0000000
800,M,USD,RMB,79819898,1,1,,0000000
800,M,USD,RMB,79888898,1,1,,0000000
800,M,USD,ROL,79819898,1,1000,,0000000
800,M,USD,ROL,81999898,1,1000,,0000000
800,M,USD,RON,79819898,1,1,,0000000
800,M,USD,RUB,79819898,1,1,,0000000
800,M,USD,RUB,81999898,1,1,,0000000
800,M,USD,RUR,81999898,1,10000,,0000000
800,M,USD,SAR,79819898,1,1,,0000000
800,M,USD,SBD,79819898,1,1,,0000000
800,M,USD,SDD,79819898,1,1,,0000000
800,M,USD,SEK,79819898,1,1,,0000000
800,M,USD,SEK,81999898,1,1,,0000000
800,M,USD,SGD,79819898,1,1,,0000000
800,M,USD,SGD,81999898,1,1,,0000000
800,M,USD,SIT,79819898,1,1,,0000000
800,M,USD,SIT,81999898,1,1,,0000000
800,M,USD,SKK,79819898,1,1,,0000000
800,M,USD,SKK,81999898,1,1,,0000000
800,M,USD,SLL,79819898,1,1000,,0000000
800,M,USD,SOS,79819898,1,1000,,0000000
800,M,USD,SVC,79819898,1,1,,0000000
800,M,USD,SYP,79819898,1,1,,0000000
800,M,USD,THB,79819898,1,1,,0000000
800,M,USD,THB,79959898,1,1,,0000000
800,M,USD,TMM,79819898,1,1,,0000000
800,M,USD,TND,79819898,1,1,,0000000
800,M,USD,TRL,79819898,1,1,,0000000
800,M,USD,TTD,79819898,1,1,,0000000
800,M,USD,TWD,79819898,1,1,,0000000
800,M,USD,TZS,79819898,1,1000,,0000000
800,M,USD,UAH,79819898,1,1,,0000000
800,M,USD,UGX,79819898,1,1000,,0000000
800,M,USD,UNI,79978768,1,1,,0000000
800,M,USD,UNI,81999898,1,1,,0000000
800,M,USD,USD,81999898,1,1,,0000000
800,M,USD,USD5,81999898,1,1,,0000000
800,M,USD,UYU,79819898,1,1,,0000000
800,M,USD,UZS,79819898,1,1,,0000000
800,M,USD,VEB,79819898,1,1,,0000000
800,M,USD,VEB,81999898,1,1,,0000000
800,M,USD,VND,79819898,1,1000,,0000000
800,M,USD,XAF,79819898,1,1,,0000000
800,M,USD,XOF,79819898,1,1,,0000000
800,M,USD,XPF,79819898,1,1,,0000000
800,M,USD,YER,79819898,1,1,,0000000
800,M,USD,ZAR,79819898,1,1,,0000000
800,M,USD,ZAR,81999898,1,1,,0000000
800,M,USD,ZMK,79819898,1,1000,,0000000
800,M,USD,ZWD,79819898,1,1,,0000000
800,M,USD5,EUR,81999898,1,1,EURX,0000000
800,M,USD5,GBP,81999898,1,1,,0000000
800,M,USD5,USD,81999898,1,1,,0000000
800,M,VEB,ARS,81999898,1000,1,,0000000
800,M,VEB,BRL,81999898,1000,1,,0000000
800,M,VEB,CAD,81999898,1000,1,,0000000
800,M,VEB,CLP,81999898,1,1,,0000000
800,M,VEB,DEM,80009898,100,1,EURX,0000000
800,M,VEB,DEM,81999898,100,1,,0000000
800,M,VEB,EUR,80009898,1,1,EURX,0000000
800,M,VEB,EUR,81999898,1,1,,0000000
800,M,VEB,JPY,81999898,100,1,,0000000
800,M,VEB,PEN,81999898,1000,1,,0000000
800,M,VEB,USD,81999898,1,1,,0000000
800,M,ZAR,DEM,81999898,1,1,,0000000
800,M,ZAR,EUR,81999898,1,1,,0000000
800,M,ZAR,GBP,81999898,1,1,,0000000
800,M,ZAR,USD,81999898,1,1,,0000000
800,NL50,HKD,EUR,79799898,1,1,,0000000
800,NL50,JPY,EUR,79799898,100,1,,0000000
800,NL50,KRW,EUR,79799898,100,1,,0000000
800,NL50,SGD,EUR,79799898,1,1,,0000000
800,NL50,TWD,EUR,79799898,100,1,,0000000
800,NL50,USD,EUR,79799898,1,1,,0000000
800,P,AUD,NZD,80129898,1,1,,0000000
800,P,CAD,EUR,80009898,1,1,,0000000
800,P,CAD,EUR,80499898,1,1,,0000000
800,P,CHF,EUR,79799898,1,1,,0000000
800,P,CHF,USD,79799898,1,1,,0000000
800,P,CNY,EUR,79939891,1,1,,0000000
800,P,CNY,USD,79809898,1,1,,0000000
800,P,EUR,CHF,79799898,1,1,,0000000
800,P,EUR,CNY,79809898,1,1,,0000000
800,P,EUR,RUB,79889898,1,1,,0000000
800,P,EUR,USD,80999898,1,1,,0000000
800,P,GBP,DEM,80009898,1,1,,0000000
800,P,GBP,EUR,81999898,1,1,,0000000
800,P,JPY,EUR,79929898,1,1,,0000000
800,P,MXN,DEM,81999898,100,1,,0000000
800,P,MXN,EUR,81999898,1,1,,0000000
800,P,MXN,USD,81999898,1,1,,0000000
800,P,NZD,AUD,79869898,1,1,,0000000
800,P,PTE,EUR,80099898,1,1,,0000000
800,P,RUB,EUR,79889898,1,1,,0000000
800,P,USD,DEM,80019898,1,1,,0000000
800,P,USD,EUR,81999898,100,1,,0000000
800,P,USD,MXN,81999898,1,1,,0000000
